id,first_name,last_name,email,gender,eircode,bad_column
1,Clarice,Rubee,crubee0@csmonitor.com,Polygender,C15AD95,ìš¸ë€ë°”í† ë¥´
2,Theodora,Stallon,tstallon1@independent.co.uk,Non-binary,C15H6WY,ç”°ä¸­ã•ã‚“ã«ã‚ã’ã¦ä¸‹ã•ã„
3,Revkah,Domeny,rdomeny2@issuu.com,Male,C15A382,`â„â‚¬â€¹â€ºï¬ï¬‚â€¡Â°Â·â€šâ€”Â±
4,Talia,Trebilcock,ttrebilcock3@theatlantic.com,Agender,C15D407,0
5,Revkah,Ramsier,rramsier4@buzzfeed.com,Bigender,C15R275,`â„â‚¬â€¹â€ºï¬ï¬‚â€¡Â°Â·â€šâ€”Â±
6,Zebadiah,Huikerby,zhuikerby5@aboutads.info,Agender,C15WT18,×”Ö¸×™Ö°×ªÖ¸×”testØ§Ù„ØµÙØ­Ø§Øª Ø§Ù„ØªÙ‘Ø­ÙˆÙ„
7,Rabbi,Simonite,rsimonite6@gov.uk,Polygender,C15XE30,",ã€‚ãƒ»:*:ãƒ»ã‚œâ€™( â˜» Ï‰ â˜» )ã€‚ãƒ»:*:ãƒ»ã‚œâ€™"
8,Ring,Symson,rsymson7@multiply.com,Genderqueer,C15E8FT,-$1.00
9,Chad,Olyonov,colyonov8@wikia.com,Bigender,C15FK26,ç¤¾æœƒç§‘å­¸é™¢èªå­¸ç ”ç©¶æ‰€
10,Elisabeth,McArthur,emcarthur9@princeton.edu,Non-binary,C15VX08,null
11,Deanna,Bosch,dboscha@pen.io,Genderfluid,C15KC43,Â¡â„¢Â£Â¢âˆÂ§Â¶â€¢ÂªÂºâ€“â‰ 
12,Bartel,Attenburrow,battenburrowb@harvard.edu,Non-binary,C15H6WY,Å’â€Â´â€°Ë‡ÃÂ¨Ë†Ã˜âˆâ€â€™
13,Didi,Porritt,dporrittc@jiathis.com,Non-binary,C15FW18,á 
14,Waly,Paris,wparisd@bluehost.com,Bigender,C15TP04,"<>?:""{}|_+"
15,Mort,Kopacek,mkopaceke@state.tx.us,Polygender,C15CY86,â°â´âµ
16,Lotte,Traill,ltraillf@edublogs.org,Agender,C15YXC1,testâ testâ€«
17,Mildrid,Blackston,mblackstong@sfgate.com,Genderfluid,C15V29V,"""'""'""''''"""
18,Uta,Antoniewski,uantoniewskih@biglobe.ne.jp,Agender,C15N972,TÌ•Ì­ÌºÌºoÍ Ì·iÌ²Ì¬Í‡ÌªÍ™nÌÌ—Í•vÍŸÌŸÌœÌ˜Ì¦oÌ¶Ì™Ì°Ì keÍ€ÍšÌ®ÌºÌªÌ¹Ì±Ì¤ Ì–tÍÌÍ•Ì³Ì£Ì»ÌªhÌ¼Í“Ì²Ì¦Ì³Ì˜Ì²eÍ‡Ì£Ì°Ì¦Ì¬Í Ì¢Ì¼Ì»Ì±Ì˜hÍ…ÍšÍÍ™ÌœÌ£Ì²iÌ¦Ì²Ì£Ì°Ì¤vÌ»ÍeÌºÌ­Ì³ÌªÌ°-mÌ¢iÍ…nÌ–ÌºÌÌ²Ì¯Ì°dÌµÌ¼ÌŸÍ™Ì©Ì¼Ì˜Ì³ ÌÌ¥Ì±Ì³Ì­rÌ›Ì—Ì˜eÍ™pÍ rÌ¼ÌÌ»Ì­Ì—eÍŸÌºÌ Ì£sÌ˜Í‡Ì³ÍÌÍ‰eÍœÍ‰Ì¥Ì¯ÌÌ²ÍšÌ¬nÍ€Ì¬ÍÍÌŸÌ–Í‡Ì¤tÍ˜ÍÌ¬Í…Ì¤Í“Ì¼Ì­iÌªÌ±nÍ gÌ´Í‰ ÍÍ‰Í…cÌ¬ÌŸhÍ¡aÍ˜Ì«Ì»Ì¯oÌ«ÌŸÌ–ÍÌ™ÌÍ‰sÌ—Ì¦Ì².Ì¨Ì¹ÍˆÌ£
19,Rustin,Bernakiewicz,rbernakiewiczi@scientificamerican.com,Female,C15H297,`â„â‚¬â€¹â€ºï¬ï¬‚â€¡Â°Â·â€šâ€”Â±
20,Claudine,Fells,cfellsj@networkadvertising.org,Genderqueer,C15YE18,ãƒ»(ï¿£âˆ€ï¿£)ãƒ»:*:
21,Lanna,Seczyk,lseczykk@domainmarket.com,Bigender,C15KT97,â€‹
22,Carleen,Gravestone,cgravestonel@eventbrite.com,Genderqueer,C15Y7CY,â€‹
23,Abigail,Watkiss,awatkissm@woothemes.com,Female,C15E8FT,`â„â‚¬â€¹â€ºï¬ï¬‚â€¡Â°Â·â€šâ€”Â±
24,Kirstin,Surby,ksurbyn@census.gov,Bigender,C15WR82,(ï¾‰à²¥ç›Šà²¥ï¼‰ï¾‰ï»¿ â”»â”â”»
25,Cal,Hubbocks,chubbockso@photobucket.com,Genderfluid,C15P681,-1/2
26,Culver,Loseke,closekep@networkadvertising.org,Agender,C15E892,0/0
27,Porter,Chataignier,pchataignierq@privacy.gov.au,Non-binary,C15P228,â€‹
28,Bartel,Joris,bjorisr@flavors.me,Genderqueer,C15A9X3,$1.00
29,Salvatore,Terbrugge,sterbrugges@guardian.co.uk,Bigender,C15TKP9,1;DROP TABLE users
30,Jeno,Daw,jdawt@slashdot.org,Bigender,C15RX2R,â€‹
31,Alexis,Grimsdike,agrimsdikeu@tiny.cc,Bigender,C15H70X,'
32,Alikee,Janzen,ajanzenv@sbwire.com,Agender,C15T8W3,â¢
33,Porty,McNulty,pmcnultyw@phoca.cz,Agender,C15NC53,â¤ï¸ ğŸ’” ğŸ’Œ ğŸ’• ğŸ’ ğŸ’“ ğŸ’— ğŸ’– ğŸ’˜ ğŸ’ ğŸ’Ÿ ğŸ’œ ğŸ’› ğŸ’š ğŸ’™
34,Lula,Gecks,lgecksx@posterous.com,Non-binary,C15Y162,0
35,Gal,Herley,gherleyy@hc360.com,Genderqueer,C15E8FT,nil
36,Gregor,Chivrall,gchivrallz@disqus.com,Non-binary,C15AX02,"__ï¾›(,_,*)"
37,Evelyn,Cromblehome,ecromblehome10@telegraph.co.uk,Bigender,C15E021,100
38,Rikki,Sugars,rsugars11@dot.gov,Agender,C15W5RX,$1.00
39,Kathie,Hendrix,khendrix12@mashable.com,Bigender,C15N268,"×‘Ö¼Ö°×¨Öµ××©×Ö´×™×ª, ×‘Ö¼Ö¸×¨Ö¸× ×Ö±×œÖ¹×”Ö´×™×, ×Öµ×ª ×”Ö·×©Ö¼×Ö¸×Ö·×™Ö´×, ×•Ö°×Öµ×ª ×”Ö¸×Ö¸×¨Ö¶×¥"
40,Rubina,Cardenas,rcardenas13@cnn.com,Genderqueer,C15HR28,Â¸Ë›Ã‡â—ŠÄ±ËœÃ‚Â¯Ë˜Â¿
41,Jolee,Winspeare,jwinspeare14@icio.us,Genderqueer,C15RC61,å’Œè£½æ¼¢èª
42,Kamillah,Crippes,kcrippes15@dagondesign.com,Female,C15EC56,ãƒ»(ï¿£âˆ€ï¿£)ãƒ»:*:
43,Ferrell,Collacombe,fcollacombe16@hhs.gov,Bigender,C15TP29,á 
44,Elwood,Hooban,ehooban17@weibo.com,Genderfluid,C15D407,() { _; } >_[$($())] { touch /tmp/blns.shellshock2.fail; }
45,Bobbette,Osgordby,bosgordby18@mysql.com,Male,C15AH33,"<>?:""{}|_+"
46,Edythe,Panichelli,epanichelli19@reuters.com,Female,C15WY17,Â¡â„¢Â£Â¢âˆÂ§Â¶â€¢ÂªÂºâ€“â‰ 
47,Dunstan,Berthel,dberthel1a@plala.or.jp,Genderfluid,C15XE30,<svg><script>0<1>alert('XSS')</script>
48,Axe,Flindall,aflindall1b@wordpress.org,Male,C15X02V,Ã…ÃÃÃËÃ“Ã”ï£¿Ã’ÃšÃ†â˜ƒ
49,Lucretia,Callingham,lcallingham1c@merriam-webster.com,Genderfluid,C15H722,"<>?:""{}|_+"
50,Chrysler,Pavitt,cpavitt1d@latimes.com,Agender,C15EV91,â€©testâ€©
51,Corey,Jakubowicz,cjakubowicz1e@sciencedaily.com,Female,C15EK27,`â„â‚¬â€¹â€ºï¬ï¬‚â€¡Â°Â·â€šâ€”Â±
52,Oates,Bollon,obollon1f@cisco.com,Polygender,C15E2D5,â¤ï¸ ğŸ’” ğŸ’Œ ğŸ’• ğŸ’ ğŸ’“ ğŸ’— ğŸ’– ğŸ’˜ ğŸ’ ğŸ’Ÿ ğŸ’œ ğŸ’› ğŸ’š ğŸ’™
53,Kayne,Phare,kphare1g@nih.gov,Bigender,C15HW14,''
54,Joletta,Straine,jstraine1h@meetup.com,Male,C15DX81,×”Ö¸×™Ö°×ªÖ¸×”testØ§Ù„ØµÙØ­Ø§Øª Ø§Ù„ØªÙ‘Ø­ÙˆÙ„
55,Renado,Bondy,rbondy1i@webeden.co.uk,Non-binary,C15P681,-$1.00
56,Bernie,Biddwell,bbiddwell1j@1und1.de,Polygender,C15CV06,/dev/null; touch /tmp/blns.fail ; echo
57,Chen,Lazer,clazer1k@freewebs.com,Agender,C15A382,NIL
58,Winnah,Harnett,wharnett1l@ameblo.jp,Polygender,C15VR60,"Ø«Ù… Ù†ÙØ³ Ø³Ù‚Ø·Øª ÙˆØ¨Ø§Ù„ØªØ­Ø¯ÙŠØ¯ØŒ, Ø¬Ø²ÙŠØ±ØªÙŠ Ø¨Ø§Ø³ØªØ®Ø¯Ø§Ù… Ø£Ù† Ø¯Ù†Ùˆ. Ø¥Ø° Ù‡Ù†Ø§ØŸ Ø§Ù„Ø³ØªØ§Ø± ÙˆØªÙ†ØµÙŠØ¨ ÙƒØ§Ù†. Ø£Ù‡Ù‘Ù„ Ø§ÙŠØ·Ø§Ù„ÙŠØ§ØŒ Ø¨Ø±ÙŠØ·Ø§Ù†ÙŠØ§-ÙØ±Ù†Ø³Ø§ Ù‚Ø¯ Ø£Ø®Ø°. Ø³Ù„ÙŠÙ…Ø§Ù†ØŒ Ø¥ØªÙØ§Ù‚ÙŠØ© Ø¨ÙŠÙ† Ù…Ø§, ÙŠØ°ÙƒØ± Ø§Ù„Ø­Ø¯ÙˆØ¯ Ø£ÙŠ Ø¨Ø¹Ø¯, Ù…Ø¹Ø§Ù…Ù„Ø© Ø¨ÙˆÙ„Ù†Ø¯Ø§ØŒ Ø§Ù„Ø¥Ø·Ù„Ø§Ù‚ Ø¹Ù„ Ø¥ÙŠÙˆ."
59,Pru,Chatell,pchatell1m@si.edu,Female,C15KC43,''
60,Fabien,Sperwell,fsperwell1n@house.gov,Polygender,C15PH36,(ï¾‰à²¥ç›Šà²¥ï¼‰ï¾‰ï»¿ â”»â”â”»
61,Salomi,Hawgood,shawgood1o@ca.gov,Agender,C15V258,-1
62,Zebedee,Christoffels,zchristoffels1p@google.com.br,Bigender,C15CC64,Ì—ÌºÍ–Ì¹Ì¯Í“TÌ±Ì¤ÍÌ¥Í‡ÍˆhÍÌ²eÍÍ“Ì¼Ì—Ì™Ì¼Ì£Í” Í‡ÌœÌ±Ì Í“ÍÍ…NÍ Í•eÌ—Ì±zÌ˜ÌÌœÌºÍ™pÌ¤ÌºÌ¹ÍÌ¯ÍšeÍœÌ Ì»Ì rÌ¨Ì¤ÍÌºÌ–Í”Ì–Ì–dÍŸÌ ÌŸÌ­Ì¬ÌiÌ¦Í–Ì©Í“Í”Ì¤aÌ Ì—Ì¬Í‰Ì™nÍœÍš Ì»ÌÌ°ÍšÍ…hÌµÍ‰iÌ³ÌvÌ¢Í‡eÍŸÌ­Í-Ò‰Ì­Ì©Ì¼Í”mÌ¤Ì­Ì«iÍ•Í‡ÌÌ¦nÌ—Í™dÌ£ÌŸ ÍÌ¯Ì²Í•oÌ¨ÌŸÌ¯Ì°Ì²Í™Ì»Ìf Í˜ÌªÌ°Ì°Ì—Ì–Ì­Ì˜cÌ¦ÍÌ²ÌÍÌ©Ì™hÌ£ÍšaÍœÌ®ÍÌŸÌ™oÌ›Ì©Ì¹ÍsÌ¤.ÌÌ Ò‰ZÌ¡Ì–ÌœÍ–Ì°Ì£Í‰ÌœaÍ¡Í–Ì°Í™Ì¬lÌ²Ì«Ì³ÍÌ©gÌ¡ÌŸÌ¼Ì±ÍšÌÌ¬Í…oÍœÌ—.ÌŸ
63,Derk,Brownsell,dbrownsell1q@comsenz.com,Genderfluid,C15XA32,ç”°ä¸­ã•ã‚“ã«ã‚ã’ã¦ä¸‹ã•ã„
64,Fair,Doniso,fdoniso1r@indiegogo.com,Female,C15NA43,$1.00
65,Sue,Dawidowitsch,sdawidowitsch1s@prlog.org,Male,C15PE80,âœ‹ğŸ¿ ğŸ’ªğŸ¿ ğŸ‘ğŸ¿ ğŸ™ŒğŸ¿ ğŸ‘ğŸ¿ ğŸ™ğŸ¿
66,Barbara,Duns,bduns1t@comsenz.com,Male,C15HT21,1/2
67,Iona,MacNeilly,imacneilly1u@miibeian.gov.cn,Non-binary,C15E179,á 
68,Antonietta,Hinks,ahinks1v@w3.org,Male,C15FY66,Ì—ÌºÍ–Ì¹Ì¯Í“TÌ±Ì¤ÍÌ¥Í‡ÍˆhÍÌ²eÍÍ“Ì¼Ì—Ì™Ì¼Ì£Í” Í‡ÌœÌ±Ì Í“ÍÍ…NÍ Í•eÌ—Ì±zÌ˜ÌÌœÌºÍ™pÌ¤ÌºÌ¹ÍÌ¯ÍšeÍœÌ Ì»Ì rÌ¨Ì¤ÍÌºÌ–Í”Ì–Ì–dÍŸÌ ÌŸÌ­Ì¬ÌiÌ¦Í–Ì©Í“Í”Ì¤aÌ Ì—Ì¬Í‰Ì™nÍœÍš Ì»ÌÌ°ÍšÍ…hÌµÍ‰iÌ³ÌvÌ¢Í‡eÍŸÌ­Í-Ò‰Ì­Ì©Ì¼Í”mÌ¤Ì­Ì«iÍ•Í‡ÌÌ¦nÌ—Í™dÌ£ÌŸ ÍÌ¯Ì²Í•oÌ¨ÌŸÌ¯Ì°Ì²Í™Ì»Ìf Í˜ÌªÌ°Ì°Ì—Ì–Ì­Ì˜cÌ¦ÍÌ²ÌÍÌ©Ì™hÌ£ÍšaÍœÌ®ÍÌŸÌ™oÌ›Ì©Ì¹ÍsÌ¤.ÌÌ Ò‰ZÌ¡Ì–ÌœÍ–Ì°Ì£Í‰ÌœaÍ¡Í–Ì°Í™Ì¬lÌ²Ì«Ì³ÍÌ©gÌ¡ÌŸÌ¼Ì±ÍšÌÌ¬Í…oÍœÌ—.ÌŸ
69,Theadora,Shuttleworth,tshuttleworth1w@bloomberg.com,Male,C15Y2N2,ğŸ˜
70,Kellina,Denton,kdenton1x@dell.com,Non-binary,C15N9T8,1
71,Katie,Crossthwaite,kcrossthwaite1y@indiegogo.com,Genderqueer,C15C5D5,ãƒ½à¼¼àºˆÙ„Íœàºˆà¼½ï¾‰ ãƒ½à¼¼àºˆÙ„Íœàºˆà¼½ï¾‰ 
72,Torrence,Begin,tbegin1z@usda.gov,Bigender,C15N4A6,<script>alert('hi')</script>
73,Cristiano,Brazier,cbrazier20@wufoo.com,Bigender,C15D726,ã€€
74,Ronald,Stoyell,rstoyell21@1688.com,Bigender,C15FC99,"__ï¾›(,_,*)"
75,Kip,Verity,kverity22@com.com,Bigender,C15WF65,$1.00
76,Rudolph,Guilloux,rguilloux23@istockphoto.com,Bigender,C15AXC3,NIL
77,Spike,Trimme,strimme24@latimes.com,Bigender,C15X008,'
78,Rafaela,Cawtheray,rcawtheray25@cnet.com,Female,C15T026,NULL
79,Kiele,McEachern,kmceachern26@people.com.cn,Female,C15R7F3,
80,Claiborne,Olorenshaw,colorenshaw27@buzzfeed.com,Non-binary,C15W8D7,Ì¦HÍÌ¬Ì¤Ì—Ì¤eÍœ ÍÌœÌ¥ÌÌ»ÍÌŸwÌ•hÌ–Ì¯Í“oÌÍ™Ì–ÍÌ±Ì® Ò‰ÌºÌ™ÌÌŸÍˆWÌ·Ì¼Ì­aÌºÌªÍiÌ¨ÍˆÍ•Ì­Í™Ì¯ÌœtÌ¶Ì¼Ì®sÌ•Ì˜Í™Í– Ì Ì«Ì BÌ»ÍÍ…Í™Í‰Ì³eÌµhÌµÌ¬Í‡Ì«Í™iÌ•Ì¹Í“Ì³Ì³Ì®ÍÌ«nÍŸdÌ´ÌªÌœÌ– ÍÌ°Í‰Ì©Í…Í‡Í™Ì²TÍ¢Í–Ì¼Í“ÌªhÍÍ“Ì®Ì»eÌ¬ÌÍ…ÌŸ Ì¤Ì¹ÌWÍÍ…Í™ÌÌÍ”Í‡aÍÍ“Í”Ì¹Ì¼Ì£lÌ´Í”Ì°Ì¤ÌŸÍ”lÌ­Ì«.Í•
81,Laure,Marr,lmarr28@desdev.cn,Bigender,135 50,á 
82,Marielle,Crinidge,mcrinidge29@goodreads.com,Polygender,530-0012,1/0
83,Hayley,Ure,hure2a@un.org,Genderfluid,,â€©testâ€©
84,Claudina,Bowering,cbowering2b@fema.gov,Genderqueer,6419,ğŸ˜
85,Lawton,Edgson,ledgson2c@ovh.net,Male,,0
86,Victoir,Edess,vedess2d@bravesites.com,Male,,NULL
87,Lilyan,Shenton,lshenton2e@parallels.com,Non-binary,E5L,<img src=x onerror=alert('hi') />
88,Violetta,Schulter,vschulter2f@lulu.com,Male,,!@#$%^&*()
89,Lacie,Vickars,lvickars2g@ning.com,Bigender,38-606,Î©â‰ˆÃ§âˆšâˆ«ËœÂµâ‰¤â‰¥Ã·
90,Hynda,Northam,hnortham2h@who.int,Genderqueer,90160,100
91,Niko,Burnsides,nburnsides2i@ucla.edu,Bigender,,../../../../../../../../../../../etc/hosts
92,Eddie,Godspeede,egodspeede2j@oracle.com,Male,54300,ãƒ‘ãƒ¼ãƒ†ã‚£ãƒ¼ã¸è¡Œã‹ãªã„ã‹
93,Merrel,Clendennen,mclendennen2k@themeforest.net,Male,,Ã¥ÃŸâˆ‚Æ’Â©Ë™âˆ†ËšÂ¬â€¦Ã¦
94,Friederike,Hannant,fhannant2l@ftc.gov,Genderfluid,,null
95,Evonne,Bows,ebows2m@people.com.cn,Agender,142390,",ã€‚ãƒ»:*:ãƒ»ã‚œâ€™( â˜» Ï‰ â˜» )ã€‚ãƒ»:*:ãƒ»ã‚œâ€™"
96,Marylee,Bangle,mbangle2n@blogs.com,Genderfluid,66120,ğŸš¾ ğŸ†’ ğŸ†“ ğŸ†• ğŸ†– ğŸ†— ğŸ†™ ğŸ§
97,Candra,Hadland,chadland2o@gov.uk,Male,3025-592,0ï¸âƒ£ 1ï¸âƒ£ 2ï¸âƒ£ 3ï¸âƒ£ 4ï¸âƒ£ 5ï¸âƒ£ 6ï¸âƒ£ 7ï¸âƒ£ 8ï¸âƒ£ 9ï¸âƒ£ ğŸ”Ÿ
98,Hewet,Saleway,hsaleway2p@nyu.edu,Genderqueer,,Ù¡Ù¢Ù£
99,Kristen,Thoma,kthoma2q@liveinternet.ru,Bigender,,â¤ï¸ ğŸ’” ğŸ’Œ ğŸ’• ğŸ’ ğŸ’“ ğŸ’— ğŸ’– ğŸ’˜ ğŸ’ ğŸ’Ÿ ğŸ’œ ğŸ’› ğŸ’š ğŸ’™
100,Rikki,Jachimak,rjachimak2r@elpais.com,Non-binary,357322,-1
101,Romola,McMoyer,rmcmoyer2s@vistaprint.com,Genderfluid,,null
102,Markos,Leathley,mleathley2t@linkedin.com,Polygender,,â‚€â‚â‚‚
103,Quillan,Pingston,qpingston2u@elpais.com,Genderqueer,06293 CEDEX 3,â‚€â‚â‚‚
104,Zorah,Yuranovev,zyuranovev2v@mozilla.com,Genderfluid,,Ì—ÌºÍ–Ì¹Ì¯Í“TÌ±Ì¤ÍÌ¥Í‡ÍˆhÍÌ²eÍÍ“Ì¼Ì—Ì™Ì¼Ì£Í” Í‡ÌœÌ±Ì Í“ÍÍ…NÍ Í•eÌ—Ì±zÌ˜ÌÌœÌºÍ™pÌ¤ÌºÌ¹ÍÌ¯ÍšeÍœÌ Ì»Ì rÌ¨Ì¤ÍÌºÌ–Í”Ì–Ì–dÍŸÌ ÌŸÌ­Ì¬ÌiÌ¦Í–Ì©Í“Í”Ì¤aÌ Ì—Ì¬Í‰Ì™nÍœÍš Ì»ÌÌ°ÍšÍ…hÌµÍ‰iÌ³ÌvÌ¢Í‡eÍŸÌ­Í-Ò‰Ì­Ì©Ì¼Í”mÌ¤Ì­Ì«iÍ•Í‡ÌÌ¦nÌ—Í™dÌ£ÌŸ ÍÌ¯Ì²Í•oÌ¨ÌŸÌ¯Ì°Ì²Í™Ì»Ìf Í˜ÌªÌ°Ì°Ì—Ì–Ì­Ì˜cÌ¦ÍÌ²ÌÍÌ©Ì™hÌ£ÍšaÍœÌ®ÍÌŸÌ™oÌ›Ì©Ì¹ÍsÌ¤.ÌÌ Ò‰ZÌ¡Ì–ÌœÍ–Ì°Ì£Í‰ÌœaÍ¡Í–Ì°Í™Ì¬lÌ²Ì«Ì³ÍÌ©gÌ¡ÌŸÌ¼Ì±ÍšÌÌ¬Í…oÍœÌ—.ÌŸ
105,Jorge,Baptie,jbaptie2w@reverbnation.com,Agender,427531,áš€
106,Avictor,Stoving,astoving2x@blogspot.com,Bigender,92844,Ã¥ÃŸâˆ‚Æ’Â©Ë™âˆ†ËšÂ¬â€¦Ã¦
107,Christopher,Streetley,cstreetley2y@mapquest.com,Male,,1;DROP TABLE users
108,Marven,Draisey,mdraisey2z@behance.net,Bigender,,Å’â€Â´â€°Ë‡ÃÂ¨Ë†Ã˜âˆâ€â€™
109,Betti,MacCallum,bmaccallum30@prweb.com,Bigender,,1;DROP TABLE users
110,Neville,MacCawley,nmaccawley31@ucoz.com,Agender,,""""""
111,Irma,Baudinot,ibaudinot32@pinterest.com,Agender,,(ï¾‰à²¥ç›Šà²¥ï¼‰ï¾‰ï»¿ â”»â”â”»
112,Cooper,Rayburn,crayburn33@drupal.org,Genderqueer,,-1
113,Gal,Ashdown,gashdown34@aboutads.info,Non-binary,,Ì¦HÍÌ¬Ì¤Ì—Ì¤eÍœ ÍÌœÌ¥ÌÌ»ÍÌŸwÌ•hÌ–Ì¯Í“oÌÍ™Ì–ÍÌ±Ì® Ò‰ÌºÌ™ÌÌŸÍˆWÌ·Ì¼Ì­aÌºÌªÍiÌ¨ÍˆÍ•Ì­Í™Ì¯ÌœtÌ¶Ì¼Ì®sÌ•Ì˜Í™Í– Ì Ì«Ì BÌ»ÍÍ…Í™Í‰Ì³eÌµhÌµÌ¬Í‡Ì«Í™iÌ•Ì¹Í“Ì³Ì³Ì®ÍÌ«nÍŸdÌ´ÌªÌœÌ– ÍÌ°Í‰Ì©Í…Í‡Í™Ì²TÍ¢Í–Ì¼Í“ÌªhÍÍ“Ì®Ì»eÌ¬ÌÍ…ÌŸ Ì¤Ì¹ÌWÍÍ…Í™ÌÌÍ”Í‡aÍÍ“Í”Ì¹Ì¼Ì£lÌ´Í”Ì°Ì¤ÌŸÍ”lÌ­Ì«.Í•
114,Dorothea,Bartkiewicz,dbartkiewicz35@plala.or.jp,Non-binary,C15AD95,<svg><script>0<1>alert('XSS')</script>
115,Annette,Daye,adaye36@craigslist.org,Female,C15H6WY,",./;'[]\-="
116,Roobbie,Muffitt,rmuffitt37@dedecms.com,Agender,C15A382,(ï½¡â—• âˆ€ â—•ï½¡)
117,Salim,Wraith,swraith38@eepurl.com,Bigender,C15D407,ï¼‘ï¼’ï¼“
118,Ricca,Gosart,rgosart39@amazon.com,Agender,C15R275,ì‚¬íšŒê³¼í•™ì› ì–´í•™ì—°êµ¬ì†Œ
119,Jack,Cavey,jcavey3a@seesaa.net,Agender,C15WT18,(â•¯Â°â–¡Â°ï¼‰â•¯ï¸µ â”»â”â”»)  
120,Andee,Willock,awillock3b@baidu.com,Male,C15XE30,<script>alert('hi')</script>
121,Aliza,Balas,abalas3c@home.pl,Polygender,C15E8FT,0/0
122,Tomlin,Dearle-Palser,tdearlepalser3d@aboutads.info,Bigender,C15FK26,ï¼‘ï¼’ï¼“
123,Merralee,Whittall,mwhittall3e@princeton.edu,Male,C15VX08,nil
124,Orren,Gillitt,ogillitt3f@goo.gl,Bigender,C15KC43,Â¡â„¢Â£Â¢âˆÂ§Â¶â€¢ÂªÂºâ€“â‰ 
125,Shirl,Dibb,sdibb3g@prweb.com,Agender,C15H6WY,100
126,Napoleon,Thieme,nthieme3h@bloglovin.com,Non-binary,C15FW18,100
127,Massimiliano,Mazey,mmazey3i@europa.eu,Polygender,C15TP04,Ë™Énbá´‰lÉ ÉuÆƒÉÉ¯ ÇÉ¹olop Ê‡Ç ÇÉ¹oqÉl Ê‡n Ê‡unpá´‰pá´‰É”uá´‰ É¹odÉ¯ÇÊ‡ poÉ¯sná´‰Ç op pÇs 'Ê‡á´‰lÇ Æƒuá´‰É”sá´‰dá´‰pÉ É¹nÊ‡ÇÊ‡É”ÇsuoÉ” 'Ê‡ÇÉ¯É Ê‡á´‰s É¹olop É¯nsdá´‰ É¯ÇÉ¹oË¥
128,Auria,Hartin,ahartin3j@tinyurl.com,Female,C15CY86,Ë™Énbá´‰lÉ ÉuÆƒÉÉ¯ ÇÉ¹olop Ê‡Ç ÇÉ¹oqÉl Ê‡n Ê‡unpá´‰pá´‰É”uá´‰ É¹odÉ¯ÇÊ‡ poÉ¯sná´‰Ç op pÇs 'Ê‡á´‰lÇ Æƒuá´‰É”sá´‰dá´‰pÉ É¹nÊ‡ÇÊ‡É”ÇsuoÉ” 'Ê‡ÇÉ¯É Ê‡á´‰s É¹olop É¯nsdá´‰ É¯ÇÉ¹oË¥
129,Zane,Stott,zstott3k@ucla.edu,Agender,C15YXC1,ãƒ‘ãƒ¼ãƒ†ã‚£ãƒ¼ã¸è¡Œã‹ãªã„ã‹
130,Anthia,Voff,avoff3l@soup.io,Male,C15V29V,â€ªâ€ªtestâ€ª
131,Bancroft,Jablonski,bjablonski3m@usa.gov,Agender,C15N972,Ã¥ÃŸâˆ‚Æ’Â©Ë™âˆ†ËšÂ¬â€¦Ã¦
132,Bevon,Van Rembrandt,bvanrembrandt3n@delicious.com,Polygender,C15H297,éƒ¨è½æ ¼
133,Brocky,Wartonby,bwartonby3o@adobe.com,Male,C15YE18,-100
134,Tiphanie,Harnes,tharnes3p@prlog.org,Polygender,C15KT97,Å’â€Â´â€°Ë‡ÃÂ¨Ë†Ã˜âˆâ€â€™
135,Barbie,Shuxsmith,bshuxsmith3q@smh.com.au,Male,C15Y7CY,/dev/null; touch /tmp/blns.fail ; echo
136,Dav,Matzke,dmatzke3r@bigcartel.com,Genderfluid,C15E8FT,â€©testâ€©
137,Gwendolen,Weavers,gweavers3s@example.com,Genderfluid,C15WR82,0ï¸âƒ£ 1ï¸âƒ£ 2ï¸âƒ£ 3ï¸âƒ£ 4ï¸âƒ£ 5ï¸âƒ£ 6ï¸âƒ£ 7ï¸âƒ£ 8ï¸âƒ£ 9ï¸âƒ£ ğŸ”Ÿ
138,Baily,Darker,bdarker3t@accuweather.com,Female,C15P681,×”Ö¸×™Ö°×ªÖ¸×”testØ§Ù„ØµÙØ­Ø§Øª Ø§Ù„ØªÙ‘Ø­ÙˆÙ„
139,Geraldine,Curzon,gcurzon3u@google.co.uk,Genderqueer,C15E892,Â¡â„¢Â£Â¢âˆÂ§Â¶â€¢ÂªÂºâ€“â‰ 
140,Godfry,Baccas,gbaccas3v@amazon.co.jp,Genderqueer,C15P228,1;DROP TABLE users
141,Goldia,Cron,gcron3w@google.cn,Agender,C15A9X3,null
142,Carley,Mains,cmains3x@github.io,Genderqueer,C15TKP9,ãƒ‘ãƒ¼ãƒ†ã‚£ãƒ¼ã¸è¡Œã‹ãªã„ã‹
143,Chadd,Crabb,ccrabb3y@oracle.com,Agender,C15RX2R,0ï¸âƒ£ 1ï¸âƒ£ 2ï¸âƒ£ 3ï¸âƒ£ 4ï¸âƒ£ 5ï¸âƒ£ 6ï¸âƒ£ 7ï¸âƒ£ 8ï¸âƒ£ 9ï¸âƒ£ ğŸ”Ÿ
144,Derrik,Camois,dcamois3z@barnesandnoble.com,Female,C15H70X,Â¡â„¢Â£Â¢âˆÂ§Â¶â€¢ÂªÂºâ€“â‰ 
145,Ophelia,Dimitriades,odimitriades40@columbia.edu,Genderqueer,C15T8W3,"__ï¾›(,_,*)"
146,Saleem,Meenehan,smeenehan41@state.gov,Non-binary,C15NC53,100
147,Leelah,McFadin,lmcfadin42@ifeng.com,Female,C15Y162,"""'""'""''''"""
148,Idalia,Safhill,isafhill43@washington.edu,Non-binary,C15E8FT,âœ‹ğŸ¿ ğŸ’ªğŸ¿ ğŸ‘ğŸ¿ ğŸ™ŒğŸ¿ ğŸ‘ğŸ¿ ğŸ™ğŸ¿
149,Ardelia,Hambling,ahambling44@naver.com,Polygender,C15AX02,ğŸ˜
150,Camellia,Cromer,ccromer45@paypal.com,Polygender,C15E021,Ã…ÃÃÃËÃ“Ã”ï£¿Ã’ÃšÃ†â˜ƒ
151,Isak,Le Lievre,ilelievre46@wikipedia.org,Male,C15W5RX,../../../../../../../../../../../etc/passwd%00
152,Darb,Gini,dgini47@reddit.com,Polygender,C15N268,""""
153,Barry,Jamson,bjamson48@free.fr,Agender,C15HR28,å’Œè£½æ¼¢èª
154,Elia,Melledy,emelledy49@oakley.com,Genderqueer,C15RC61,() { 0; }; touch /tmp/blns.shellshock1.fail;
155,Dill,Dust,ddust4a@blogtalkradio.com,Polygender,C15EC56,"__ï¾›(,_,*)"
156,Michell,Harrison,mharrison4b@nba.com,Polygender,C15TP29,../../../../../../../../../../../etc/hosts
157,Adore,Lotwich,alotwich4c@webs.com,Bigender,C15D407,",./;'[]\-="
158,Inglebert,McKeighen,imckeighen4d@over-blog.com,Bigender,C15AH33,/dev/null; touch /tmp/blns.fail ; echo
159,Ermengarde,Halshaw,ehalshaw4e@techcrunch.com,Non-binary,C15WY17,â£
160,Moss,Wolfenden,mwolfenden4f@livejournal.com,Genderfluid,C15XE30,ç”°ä¸­ã•ã‚“ã«ã‚ã’ã¦ä¸‹ã•ã„
161,Cece,Tubby,ctubby4g@sogou.com,Agender,C15X02V,ğŸ˜
162,Dido,Broughton,dbroughton4h@skype.com,Agender,C15H722,null
163,Teodorico,Crockford,tcrockford4i@va.gov,Female,C15EV91,"""'""'""''''"""
164,Victoria,Oleksiak,voleksiak4j@virginia.edu,Genderfluid,C15EK27,-100
165,Sylvan,Gent,sgent4k@imageshack.us,Male,C15E2D5,1/2
166,Morley,MacKessock,mmackessock4l@princeton.edu,Agender,C15HW14,â¡
167,Cordie,Skoyles,cskoyles4m@live.com,Male,C15DX81,ğŸµ ğŸ™ˆ ğŸ™‰ ğŸ™Š
168,Quentin,Brabender,qbrabender4n@vimeo.com,Non-binary,C15P681,á 
169,Cornie,Tilbrook,ctilbrook4o@blogger.com,Bigender,C15CV06,""""""
170,Domenic,Donnel,ddonnel4p@dmoz.org,Female,C15A382,",ã€‚ãƒ»:*:ãƒ»ã‚œâ€™( â˜» Ï‰ â˜» )ã€‚ãƒ»:*:ãƒ»ã‚œâ€™"
171,Chantal,Risbrough,crisbrough4q@mapy.cz,Non-binary,C15VR60,â‚€â‚â‚‚
172,Lorenzo,Redwin,lredwin4r@ehow.com,Bigender,C15KC43,NIL
173,Nahum,Childe,nchilde4s@seattletimes.com,Female,C15PH36,Ë™Énbá´‰lÉ ÉuÆƒÉÉ¯ ÇÉ¹olop Ê‡Ç ÇÉ¹oqÉl Ê‡n Ê‡unpá´‰pá´‰É”uá´‰ É¹odÉ¯ÇÊ‡ poÉ¯sná´‰Ç op pÇs 'Ê‡á´‰lÇ Æƒuá´‰É”sá´‰dá´‰pÉ É¹nÊ‡ÇÊ‡É”ÇsuoÉ” 'Ê‡ÇÉ¯É Ê‡á´‰s É¹olop É¯nsdá´‰ É¯ÇÉ¹oË¥
174,Elyssa,Pedracci,epedracci4t@github.com,Agender,C15V258,â¤ï¸ ğŸ’” ğŸ’Œ ğŸ’• ğŸ’ ğŸ’“ ğŸ’— ğŸ’– ğŸ’˜ ğŸ’ ğŸ’Ÿ ğŸ’œ ğŸ’› ğŸ’š ğŸ’™
175,Jillene,Mourbey,jmourbey4u@imageshack.us,Agender,C15CC64,-1/2
176,Amber,Skull,askull4v@apache.org,Genderqueer,C15XA32,0
177,Frazer,Ewart,fewart4w@paginegialle.it,Male,C15NA43,100
178,Lenci,Secombe,lsecombe4x@webeden.co.uk,Agender,C15PE80,-100
179,Catlaina,Robben,crobben4y@virginia.edu,Genderqueer,C15HT21,ç”°ä¸­ã•ã‚“ã«ã‚ã’ã¦ä¸‹ã•ã„
180,Hendrika,Gullick,hgullick4z@youtube.com,Non-binary,C15E179,â£
181,Devon,Thick,dthick50@etsy.com,Genderqueer,C15FY66,"<>?:""{}|_+"
182,Carson,Allard,callard51@google.it,Male,C15Y2N2,100
183,Teresita,Odegaard,todegaard52@mozilla.com,Genderqueer,C15N9T8,Ì¡Í“Í…ÌIÍÌ—Ì˜Ì¦nÍ‡Í‡Í™vÌ®Ì«okÌ²Ì«Ì™ÍˆiÌ–Í™Ì­Ì¹Ì ÌnÌ¡Ì»Ì®Ì£ÌºgÌ²ÍˆÍ™Ì­Í™Ì¬Í Ì°tÍ”Ì¦hÌÌ²eÌ¢Ì¤ ÍÌ¬Ì²Í–fÌ´Ì˜Í•Ì£eÍ€Í–eÌ£Ì¥Ì©lÍ–Í”ÍšiÍ Í“ÍšÌ¦nÍ–ÍÌ—Í“Ì³Ì®gÍ Ì¨oÍ¡ÍšÌªfÌ˜Ì£Ì¬ Ì–Ì˜Í–ÌŸÍ™Ì®cÒ‰Í”Ì«Í–Í“Í‡Í–Í…hÌµÌ¤Ì£ÍšÍ”aÍÌ—Ì¼Í…Í•oÌ¼Ì£Ì¥sÍ¢Ì±ÍˆÌºÌ–Ì¦Ì».Ì›Ì–ÌÌ Ì«Ì°
184,Garreth,Scholte,gscholte53@businessinsider.com,Genderfluid,C15C5D5,ğŸ˜
185,Ethe,Rackham,erackham54@smh.com.au,Genderqueer,C15N4A6,å’Œè£½æ¼¢èª
186,Bevvy,Hale,bhale55@marriott.com,Female,C15D726,Ì¡Í“Í…ÌIÍÌ—Ì˜Ì¦nÍ‡Í‡Í™vÌ®Ì«okÌ²Ì«Ì™ÍˆiÌ–Í™Ì­Ì¹Ì ÌnÌ¡Ì»Ì®Ì£ÌºgÌ²ÍˆÍ™Ì­Í™Ì¬Í Ì°tÍ”Ì¦hÌÌ²eÌ¢Ì¤ ÍÌ¬Ì²Í–fÌ´Ì˜Í•Ì£eÍ€Í–eÌ£Ì¥Ì©lÍ–Í”ÍšiÍ Í“ÍšÌ¦nÍ–ÍÌ—Í“Ì³Ì®gÍ Ì¨oÍ¡ÍšÌªfÌ˜Ì£Ì¬ Ì–Ì˜Í–ÌŸÍ™Ì®cÒ‰Í”Ì«Í–Í“Í‡Í–Í…hÌµÌ¤Ì£ÍšÍ”aÍÌ—Ì¼Í…Í•oÌ¼Ì£Ì¥sÍ¢Ì±ÍˆÌºÌ–Ì¦Ì».Ì›Ì–ÌÌ Ì«Ì°
187,Leontyne,Pailin,lpailin56@cocolog-nifty.com,Non-binary,C15FC99,ğŸ‘©ğŸ½
188,Federica,Daniely,fdaniely57@biblegateway.com,Genderqueer,C15WF65,â¢
189,Carline,McMonies,cmcmonies58@odnoklassniki.ru,Bigender,C15AXC3,-1
190,Maryjo,Stygall,mstygall59@independent.co.uk,Agender,C15X008,Â¸Ë›Ã‡â—ŠÄ±ËœÃ‚Â¯Ë˜Â¿
191,Sherlocke,Stappard,sstappard5a@paypal.com,Genderfluid,C15T026,<svg><script>0<1>alert('XSS')</script>
192,Aile,Waskett,awaskett5b@msu.edu,Agender,C15R7F3,$1.00
193,Nathanial,Fairclough,nfairclough5c@hud.gov,Agender,C15W8D7,Î©â‰ˆÃ§âˆšâˆ«ËœÂµâ‰¤â‰¥Ã·
194,Red,Veltman,rveltman5d@fda.gov,Female,58865-000,"Ø«Ù… Ù†ÙØ³ Ø³Ù‚Ø·Øª ÙˆØ¨Ø§Ù„ØªØ­Ø¯ÙŠØ¯ØŒ, Ø¬Ø²ÙŠØ±ØªÙŠ Ø¨Ø§Ø³ØªØ®Ø¯Ø§Ù… Ø£Ù† Ø¯Ù†Ùˆ. Ø¥Ø° Ù‡Ù†Ø§ØŸ Ø§Ù„Ø³ØªØ§Ø± ÙˆØªÙ†ØµÙŠØ¨ ÙƒØ§Ù†. Ø£Ù‡Ù‘Ù„ Ø§ÙŠØ·Ø§Ù„ÙŠØ§ØŒ Ø¨Ø±ÙŠØ·Ø§Ù†ÙŠØ§-ÙØ±Ù†Ø³Ø§ Ù‚Ø¯ Ø£Ø®Ø°. Ø³Ù„ÙŠÙ…Ø§Ù†ØŒ Ø¥ØªÙØ§Ù‚ÙŠØ© Ø¨ÙŠÙ† Ù…Ø§, ÙŠØ°ÙƒØ± Ø§Ù„Ø­Ø¯ÙˆØ¯ Ø£ÙŠ Ø¨Ø¹Ø¯, Ù…Ø¹Ø§Ù…Ù„Ø© Ø¨ÙˆÙ„Ù†Ø¯Ø§ØŒ Ø§Ù„Ø¥Ø·Ù„Ø§Ù‚ Ø¹Ù„ Ø¥ÙŠÙˆ."
195,Joannes,Staining,jstaining5e@wiley.com,Female,,-100
196,Verna,Brettor,vbrettor5f@sogou.com,Bigender,,../../../../../../../../../../../etc/hosts
197,Rani,Lokier,rlokier5g@stumbleupon.com,Genderqueer,68020 CEDEX,(ï½¡â—• âˆ€ â—•ï½¡)
198,Phylis,Cornil,pcornil5h@ibm.com,Genderfluid,,â€«testâ€«
199,Archibald,Copsey,acopsey5i@com.com,Non-binary,4541,Â¸Ë›Ã‡â—ŠÄ±ËœÃ‚Â¯Ë˜Â¿
200,Papageno,Larcier,plarcier5j@hexun.com,Male,,"'""'"
201,Yorgo,Balhatchet,ybalhatchet5k@abc.net.au,Genderfluid,,Â¡â„¢Â£Â¢âˆÂ§Â¶â€¢ÂªÂºâ€“â‰ 
202,Sammy,MacNaughton,smacnaughton5l@time.com,Non-binary,,<script>alert('hi')</script>
203,Cyrille,Fereday,cfereday5m@chron.com,Male,39130,0
204,Cristionna,Anthoine,canthoine5n@ucoz.com,Male,,"""'""'""''''"""
205,Miles,McCarlich,mmccarlich5o@odnoklassniki.ru,Agender,394 15,Å“âˆ‘Â´Â®â€ Â¥Â¨Ë†Ã¸Ï€â€œâ€˜
206,Anita,Muffett,amuffett5p@myspace.com,Polygender,,null
207,Adriana,Hancock,ahancock5q@plala.or.jp,Genderqueer,62222 CEDEX,testâ testâ€«
208,Cristin,Povey,cpovey5r@exblog.jp,Genderfluid,300971,Ì¦HÍÌ¬Ì¤Ì—Ì¤eÍœ ÍÌœÌ¥ÌÌ»ÍÌŸwÌ•hÌ–Ì¯Í“oÌÍ™Ì–ÍÌ±Ì® Ò‰ÌºÌ™ÌÌŸÍˆWÌ·Ì¼Ì­aÌºÌªÍiÌ¨ÍˆÍ•Ì­Í™Ì¯ÌœtÌ¶Ì¼Ì®sÌ•Ì˜Í™Í– Ì Ì«Ì BÌ»ÍÍ…Í™Í‰Ì³eÌµhÌµÌ¬Í‡Ì«Í™iÌ•Ì¹Í“Ì³Ì³Ì®ÍÌ«nÍŸdÌ´ÌªÌœÌ– ÍÌ°Í‰Ì©Í…Í‡Í™Ì²TÍ¢Í–Ì¼Í“ÌªhÍÍ“Ì®Ì»eÌ¬ÌÍ…ÌŸ Ì¤Ì¹ÌWÍÍ…Í™ÌÌÍ”Í‡aÍÍ“Í”Ì¹Ì¼Ì£lÌ´Í”Ì°Ì¤ÌŸÍ”lÌ­Ì«.Í•
209,Martino,Ringrose,mringrose5s@marriott.com,Genderfluid,,(ï¾‰à²¥ç›Šà²¥ï¼‰ï¾‰ï»¿ â”»â”â”»
210,Jilleen,Worsam,jworsam5t@blogspot.com,Female,86054 CEDEX 9,"__ï¾›(,_,*)"
211,Stuart,Puvia,spuvia5u@about.com,Genderfluid,394961,ãƒ‘ãƒ¼ãƒ†ã‚£ãƒ¼ã¸è¡Œã‹ãªã„ã‹
212,Killie,Pfeffer,kpfeffer5v@si.edu,Genderqueer,69200,ï¼‘ï¼’ï¼“
213,Maggie,Phipson,mphipson5w@fastcompany.com,Non-binary,,áš€
214,Wandie,Conwell,wconwell5x@is.gd,Agender,,-$1.00
215,Wylie,Rabier,wrabier5y@marriott.com,Bigender,,-1
216,Rey,Swindley,rswindley5z@tamu.edu,Agender,,-100
217,Nobie,Redmain,nredmain60@accuweather.com,Non-binary,,",./;'[]\-="
218,Kit,Gyse,kgyse61@wikipedia.org,Genderqueer,,ğŸµ ğŸ™ˆ ğŸ™‰ ğŸ™Š
219,Lanni,Shadbolt,lshadbolt62@cnet.com,Bigender,,(ï¾‰à²¥ç›Šà²¥ï¼‰ï¾‰ï»¿ â”»â”â”»
220,Sapphire,Mattosoff,smattosoff63@desdev.cn,Genderqueer,,â‚€â‚â‚‚
221,Bertha,Rope,brope64@umich.edu,Genderfluid,538 63,1/2
222,Philipa,Twigg,ptwigg65@ibm.com,Agender,,''
223,Sileas,Labrum,slabrum66@homestead.com,Female,366817,"<>?:""{}|_+"
224,Melantha,Devanney,mdevanney67@nature.com,Male,53570,ã€€
225,Bathsheba,Nevison,bnevison68@issuu.com,Agender,78345 CEDEX,"__ï¾›(,_,*)"
226,Alys,D'Adamo,adadamo69@cnn.com,Genderqueer,19970-000,NULL
227,Missie,Larrat,mlarrat6a@about.com,Genderqueer,,"'""'"
228,Olenolin,McKnockiter,omcknockiter6b@tmall.com,Male,,../../../../../../../../../../../etc/hosts
229,Aryn,Carnalan,acarnalan6c@hud.gov,Polygender,7505,""""
230,Stuart,Cradey,scradey6d@cocolog-nifty.com,Bigender,7416,100
231,Guy,O'Garmen,gogarmen6e@howstuffworks.com,Genderfluid,,ï»¿
232,Carmelina,Ritch,critch6f@fotki.com,Non-binary,,éƒ¨è½æ ¼
233,Roxane,Ilchenko,rilchenko6g@macromedia.com,Non-binary,,â‚€â‚â‚‚
234,Nathalia,Bercevelo,nbercevelo6h@arstechnica.com,Polygender,,ZÌ®ÌÍ…Ì Í™Í”AÌ¥Ì—ÌÍˆÌ»Ì—LÌ£Í™ÍÌ¯Ì¹ÌÍ“GÌ»OÌ­Ì—Ì®
235,Zach,Godfray,zgodfray6i@guardian.co.uk,Male,,á 
236,Stacee,Darracott,sdarracott6j@irs.gov,Genderqueer,346630,0ï¸âƒ£ 1ï¸âƒ£ 2ï¸âƒ£ 3ï¸âƒ£ 4ï¸âƒ£ 5ï¸âƒ£ 6ï¸âƒ£ 7ï¸âƒ£ 8ï¸âƒ£ 9ï¸âƒ£ ğŸ”Ÿ
237,Mata,Tankard,mtankard6k@woothemes.com,Non-binary,96911,ì‚¬íšŒê³¼í•™ì› ì–´í•™ì—°êµ¬ì†Œ
238,Barbra,Klimshuk,bklimshuk6l@unesco.org,Male,21003,Â¸Ë›Ã‡â—ŠÄ±ËœÃ‚Â¯Ë˜Â¿
239,Dewey,Skuse,dskuse6m@ycombinator.com,Genderfluid,78897 CEDEX,testâ testâ€«
240,Aundrea,Kliment,akliment6n@kickstarter.com,Agender,78105 CEDEX,ãƒ»(ï¿£âˆ€ï¿£)ãƒ»:*:
241,Vincents,Snoxell,vsnoxell6o@seattletimes.com,Non-binary,,ç¤¾æœƒç§‘å­¸é™¢èªå­¸ç ”ç©¶æ‰€
242,Melany,Bean,mbean6p@dagondesign.com,Genderqueer,,NIL
243,Dolf,Cesco,dcesco6q@reverbnation.com,Genderfluid,368541,() { 0; }; touch /tmp/blns.shellshock1.fail;
244,Welby,Oki,woki6r@yelp.com,Non-binary,,!@#$%^&*()
245,Floyd,Bandy,fbandy6s@list-manage.com,Female,7909,ğŸ˜
246,Sigismund,Healy,shealy6t@digg.com,Genderqueer,25190,ğŸ‘¾ ğŸ™‡ ğŸ’ ğŸ™… ğŸ™† ğŸ™‹ ğŸ™ ğŸ™ 
247,Nedda,Delamar,ndelamar6u@chron.com,Genderfluid,,"'""'"
248,Thorvald,Casterot,tcasterot6v@state.gov,Genderfluid,821 94,$1.00
249,Lammond,Jeaves,ljeaves6w@drupal.org,Male,,1'; DROP TABLE users--
250,Irving,Darington,idarington6x@intel.com,Male,,Ì¦HÍÌ¬Ì¤Ì—Ì¤eÍœ ÍÌœÌ¥ÌÌ»ÍÌŸwÌ•hÌ–Ì¯Í“oÌÍ™Ì–ÍÌ±Ì® Ò‰ÌºÌ™ÌÌŸÍˆWÌ·Ì¼Ì­aÌºÌªÍiÌ¨ÍˆÍ•Ì­Í™Ì¯ÌœtÌ¶Ì¼Ì®sÌ•Ì˜Í™Í– Ì Ì«Ì BÌ»ÍÍ…Í™Í‰Ì³eÌµhÌµÌ¬Í‡Ì«Í™iÌ•Ì¹Í“Ì³Ì³Ì®ÍÌ«nÍŸdÌ´ÌªÌœÌ– ÍÌ°Í‰Ì©Í…Í‡Í™Ì²TÍ¢Í–Ì¼Í“ÌªhÍÍ“Ì®Ì»eÌ¬ÌÍ…ÌŸ Ì¤Ì¹ÌWÍÍ…Í™ÌÌÍ”Í‡aÍÍ“Í”Ì¹Ì¼Ì£lÌ´Í”Ì°Ì¤ÌŸÍ”lÌ­Ì«.Í•
251,Rockwell,Grzelczak,rgrzelczak6y@simplemachines.org,Genderqueer,,TÌ•Ì­ÌºÌºoÍ Ì·iÌ²Ì¬Í‡ÌªÍ™nÌÌ—Í•vÍŸÌŸÌœÌ˜Ì¦oÌ¶Ì™Ì°Ì keÍ€ÍšÌ®ÌºÌªÌ¹Ì±Ì¤ Ì–tÍÌÍ•Ì³Ì£Ì»ÌªhÌ¼Í“Ì²Ì¦Ì³Ì˜Ì²eÍ‡Ì£Ì°Ì¦Ì¬Í Ì¢Ì¼Ì»Ì±Ì˜hÍ…ÍšÍÍ™ÌœÌ£Ì²iÌ¦Ì²Ì£Ì°Ì¤vÌ»ÍeÌºÌ­Ì³ÌªÌ°-mÌ¢iÍ…nÌ–ÌºÌÌ²Ì¯Ì°dÌµÌ¼ÌŸÍ™Ì©Ì¼Ì˜Ì³ ÌÌ¥Ì±Ì³Ì­rÌ›Ì—Ì˜eÍ™pÍ rÌ¼ÌÌ»Ì­Ì—eÍŸÌºÌ Ì£sÌ˜Í‡Ì³ÍÌÍ‰eÍœÍ‰Ì¥Ì¯ÌÌ²ÍšÌ¬nÍ€Ì¬ÍÍÌŸÌ–Í‡Ì¤tÍ˜ÍÌ¬Í…Ì¤Í“Ì¼Ì­iÌªÌ±nÍ gÌ´Í‰ ÍÍ‰Í…cÌ¬ÌŸhÍ¡aÍ˜Ì«Ì»Ì¯oÌ«ÌŸÌ–ÍÌ™ÌÍ‰sÌ—Ì¦Ì².Ì¨Ì¹ÍˆÌ£
252,Manda,Guilliland,mguilliland6z@buzzfeed.com,Non-binary,21-044,
253,Valerye,Klyn,vklyn70@adobe.com,Polygender,,$1.00
254,Reilly,Stedman,rstedman71@g.co,Polygender,652577,-100
255,Sarette,Lotwich,slotwich72@csmonitor.com,Polygender,,â€©testâ€©
256,Sammy,MacLoughlin,smacloughlin73@google.it,Male,353866,1;DROP TABLE users
257,Willard,Chazelle,wchazelle74@barnesandnoble.com,Bigender,3015,Ë™Énbá´‰lÉ ÉuÆƒÉÉ¯ ÇÉ¹olop Ê‡Ç ÇÉ¹oqÉl Ê‡n Ê‡unpá´‰pá´‰É”uá´‰ É¹odÉ¯ÇÊ‡ poÉ¯sná´‰Ç op pÇs 'Ê‡á´‰lÇ Æƒuá´‰É”sá´‰dá´‰pÉ É¹nÊ‡ÇÊ‡É”ÇsuoÉ” 'Ê‡ÇÉ¯É Ê‡á´‰s É¹olop É¯nsdá´‰ É¯ÇÉ¹oË¥
258,Roxine,Sellick,rsellick75@weibo.com,Genderfluid,,ç¤¾æœƒç§‘å­¸é™¢èªå­¸ç ”ç©¶æ‰€
259,Dulcinea,MacFaul,dmacfaul76@umich.edu,Polygender,468 44,ï¾Ÿï½¥âœ¿ãƒ¾â•²(ï½¡â—•â€¿â—•ï½¡)â•±âœ¿ï½¥ï¾Ÿ
260,Jeddy,Joust,jjoust77@acquirethisname.com,Bigender,,ğŸš¾ ğŸ†’ ğŸ†“ ğŸ†• ğŸ†– ğŸ†— ğŸ†™ ğŸ§
261,Aurelia,Cudde,acudde78@google.nl,Bigender,,å’Œè£½æ¼¢èª
262,Allyson,Youle,ayoule79@cocolog-nifty.com,Genderfluid,,0
263,Corrianne,Wale,cwale7a@myspace.com,Bigender,48338,/dev/null; touch /tmp/blns.fail ; echo
264,Shaylynn,Strain,sstrain7b@house.gov,Bigender,28-530,$1.00
265,Lilly,Mor,lmor7c@japanpost.jp,Polygender,,"""'""'""''''"""
266,Nikolos,Mullaly,nmullaly7d@squidoo.com,Polygender,,Ù¡Ù¢Ù£
267,Waneta,Menchenton,wmenchenton7e@statcounter.com,Genderfluid,,() { _; } >_[$($())] { touch /tmp/blns.shellshock2.fail; }
268,Fraze,Gawke,fgawke7f@redcross.org,Male,3515-541,1/0
269,William,Giacomello,wgiacomello7g@google.nl,Agender,72124,ãƒ‘ãƒ¼ãƒ†ã‚£ãƒ¼ã¸è¡Œã‹ãªã„ã‹
270,Mario,Aldous,maldous7h@macromedia.com,Genderqueer,,0
271,Towny,Adamsen,tadamsen7i@vk.com,Genderfluid,,áš€
272,Nobe,Wimbridge,nwimbridge7j@sbwire.com,Genderqueer,98850,â¢
273,Vivyan,Reignolds,vreignolds7k@prlog.org,Agender,186822,<svg><script>0<1>alert('XSS')</script>
274,Levi,Shaves,lshaves7l@wikispaces.com,Bigender,,Ã…ÃÃÃËÃ“Ã”ï£¿Ã’ÃšÃ†â˜ƒ
275,Sinclare,Zealey,szealey7m@aol.com,Non-binary,,0/0
276,Bradan,Baton,bbaton7n@boston.com,Male,2140-605,-$1.00
277,Jaime,Rollett,jrollett7o@yahoo.co.jp,Female,5702,ãƒ½à¼¼àºˆÙ„Íœàºˆà¼½ï¾‰ ãƒ½à¼¼àºˆÙ„Íœàºˆà¼½ï¾‰ 
278,Britt,Ciccoloi,bciccoloi7p@biglobe.ne.jp,Male,,(â•¯Â°â–¡Â°ï¼‰â•¯ï¸µ â”»â”â”»)  
279,Kipp,Kilbane,kkilbane7q@bigcartel.com,Female,,-100
280,Bernadine,Sherme,bsherme7r@naver.com,Non-binary,,$1.00
281,Phylys,O'Nion,ponion7s@parallels.com,Female,,`â„â‚¬â€¹â€ºï¬ï¬‚â€¡Â°Â·â€šâ€”Â±
282,Sander,Creeghan,screeghan7t@vinaora.com,Non-binary,,`â„â‚¬â€¹â€ºï¬ï¬‚â€¡Â°Â·â€šâ€”Â±
283,Annabell,McClary,amcclary7u@tamu.edu,Non-binary,1814,â°â´âµâ‚€â‚â‚‚
284,Christabel,De Bruin,cdebruin7v@youtu.be,Agender,95719 CEDEX 1,-$1.00
285,Catlaina,Blucher,cblucher7w@google.co.uk,Polygender,,''
286,Dorena,Culham,dculham7x@w3.org,Polygender,30509,ç”°ä¸­ã•ã‚“ã«ã‚ã’ã¦ä¸‹ã•ã„
287,Lola,Sturr,lsturr7y@slate.com,Genderqueer,4325,Ì¡Í“Í…ÌIÍÌ—Ì˜Ì¦nÍ‡Í‡Í™vÌ®Ì«okÌ²Ì«Ì™ÍˆiÌ–Í™Ì­Ì¹Ì ÌnÌ¡Ì»Ì®Ì£ÌºgÌ²ÍˆÍ™Ì­Í™Ì¬Í Ì°tÍ”Ì¦hÌÌ²eÌ¢Ì¤ ÍÌ¬Ì²Í–fÌ´Ì˜Í•Ì£eÍ€Í–eÌ£Ì¥Ì©lÍ–Í”ÍšiÍ Í“ÍšÌ¦nÍ–ÍÌ—Í“Ì³Ì®gÍ Ì¨oÍ¡ÍšÌªfÌ˜Ì£Ì¬ Ì–Ì˜Í–ÌŸÍ™Ì®cÒ‰Í”Ì«Í–Í“Í‡Í–Í…hÌµÌ¤Ì£ÍšÍ”aÍÌ—Ì¼Í…Í•oÌ¼Ì£Ì¥sÍ¢Ì±ÍˆÌºÌ–Ì¦Ì».Ì›Ì–ÌÌ Ì«Ì°
288,Hali,Campes,hcampes7z@cpanel.net,Male,,nil
289,Kristine,Peele,kpeele80@state.tx.us,Male,,â°â´âµâ‚€â‚â‚‚
290,Philipa,Steanson,psteanson81@w3.org,Male,,å’Œè£½æ¼¢èª
291,Jasun,Cristofano,jcristofano82@rambler.ru,Genderfluid,51480,1;DROP TABLE users
292,Catharina,Nabbs,cnabbs83@marriott.com,Male,3025-353,../../../../../../../../../../../etc/hosts
293,Gran,Torald,gtorald84@nps.gov,Non-binary,5404,NIL
294,Aubert,St. Clair,astclair85@economist.com,Bigender,,100
295,Quincy,Pogson,qpogson86@sciencedaily.com,Agender,,`â„â‚¬â€¹â€ºï¬ï¬‚â€¡Â°Â·â€šâ€”Â±
296,Elmer,Hallows,ehallows87@xinhuanet.com,Female,,ãƒ»(ï¿£âˆ€ï¿£)ãƒ»:*:
297,Godfrey,Andreone,gandreone88@hubpages.com,Bigender,530 12,",ã€‚ãƒ»:*:ãƒ»ã‚œâ€™( â˜» Ï‰ â˜» )ã€‚ãƒ»:*:ãƒ»ã‚œâ€™"
298,Renaldo,Verny,rverny89@angelfire.com,Female,452141,-100
299,Bunny,Eadington,beadington8a@virginia.edu,Genderqueer,2424,Å’â€Â´â€°Ë‡ÃÂ¨Ë†Ã˜âˆâ€â€™
300,Yance,Sherwin,ysherwin8b@msu.edu,Agender,4640-107,×”Ö¸×™Ö°×ªÖ¸×”testØ§Ù„ØµÙØ­Ø§Øª Ø§Ù„ØªÙ‘Ø­ÙˆÙ„
301,Graig,Verni,gverni8c@friendfeed.com,Male,,1/0
302,Henderson,Bindin,hbindin8d@fastcompany.com,Female,,(â•¯Â°â–¡Â°ï¼‰â•¯ï¸µ â”»â”â”»)  
303,Melantha,Minshall,mminshall8e@trellian.com,Genderqueer,433303,100
304,Aurilia,Bigglestone,abigglestone8f@newsvine.com,Polygender,1185,"""''''""'"""
305,Chuck,Buske,cbuske8g@ezinearticles.com,Female,37260-000,(â•¯Â°â–¡Â°ï¼‰â•¯ï¸µ â”»â”â”»)  
306,Gavan,Fero,gfero8h@smugmug.com,Polygender,,"Ø«Ù… Ù†ÙØ³ Ø³Ù‚Ø·Øª ÙˆØ¨Ø§Ù„ØªØ­Ø¯ÙŠØ¯ØŒ, Ø¬Ø²ÙŠØ±ØªÙŠ Ø¨Ø§Ø³ØªØ®Ø¯Ø§Ù… Ø£Ù† Ø¯Ù†Ùˆ. Ø¥Ø° Ù‡Ù†Ø§ØŸ Ø§Ù„Ø³ØªØ§Ø± ÙˆØªÙ†ØµÙŠØ¨ ÙƒØ§Ù†. Ø£Ù‡Ù‘Ù„ Ø§ÙŠØ·Ø§Ù„ÙŠØ§ØŒ Ø¨Ø±ÙŠØ·Ø§Ù†ÙŠØ§-ÙØ±Ù†Ø³Ø§ Ù‚Ø¯ Ø£Ø®Ø°. Ø³Ù„ÙŠÙ…Ø§Ù†ØŒ Ø¥ØªÙØ§Ù‚ÙŠØ© Ø¨ÙŠÙ† Ù…Ø§, ÙŠØ°ÙƒØ± Ø§Ù„Ø­Ø¯ÙˆØ¯ Ø£ÙŠ Ø¨Ø¹Ø¯, Ù…Ø¹Ø§Ù…Ù„Ø© Ø¨ÙˆÙ„Ù†Ø¯Ø§ØŒ Ø§Ù„Ø¥Ø·Ù„Ø§Ù‚ Ø¹Ù„ Ø¥ÙŠÙˆ."
307,Jerrylee,McKenney,jmckenney8i@t.co,Polygender,,(ï¾‰à²¥ç›Šà²¥ï¼‰ï¾‰ï»¿ â”»â”â”»
308,Nico,Garroch,ngarroch8j@freewebs.com,Bigender,,â°â´âµ
309,Giorgi,Axtens,gaxtens8k@1und1.de,Non-binary,,-1/2
310,Vanni,Macauley,vmacauley8l@goo.gl,Agender,,-100
311,Janeva,Frotton,jfrotton8m@artisteer.com,Agender,394961,ğŸ‘©ğŸ½
312,Albie,Sollowaye,asollowaye8n@mozilla.com,Genderfluid,,'
313,Townie,Standage,tstandage8o@sina.com.cn,Polygender,,1
314,Abbie,Illem,aillem8p@clickbank.net,Genderqueer,,â¡
315,Kiel,Gouly,kgouly8q@vinaora.com,Genderqueer,,ç¤¾æœƒç§‘å­¸é™¢èªå­¸ç ”ç©¶æ‰€
316,Adolpho,Udale,audale8r@prweb.com,Agender,,â¡
317,Hermione,Creyke,hcreyke8s@thetimes.co.uk,Bigender,,ğŸ˜
318,Tamar,Gomer,tgomer8t@redcross.org,Genderqueer,,"Ø«Ù… Ù†ÙØ³ Ø³Ù‚Ø·Øª ÙˆØ¨Ø§Ù„ØªØ­Ø¯ÙŠØ¯ØŒ, Ø¬Ø²ÙŠØ±ØªÙŠ Ø¨Ø§Ø³ØªØ®Ø¯Ø§Ù… Ø£Ù† Ø¯Ù†Ùˆ. Ø¥Ø° Ù‡Ù†Ø§ØŸ Ø§Ù„Ø³ØªØ§Ø± ÙˆØªÙ†ØµÙŠØ¨ ÙƒØ§Ù†. Ø£Ù‡Ù‘Ù„ Ø§ÙŠØ·Ø§Ù„ÙŠØ§ØŒ Ø¨Ø±ÙŠØ·Ø§Ù†ÙŠØ§-ÙØ±Ù†Ø³Ø§ Ù‚Ø¯ Ø£Ø®Ø°. Ø³Ù„ÙŠÙ…Ø§Ù†ØŒ Ø¥ØªÙØ§Ù‚ÙŠØ© Ø¨ÙŠÙ† Ù…Ø§, ÙŠØ°ÙƒØ± Ø§Ù„Ø­Ø¯ÙˆØ¯ Ø£ÙŠ Ø¨Ø¹Ø¯, Ù…Ø¹Ø§Ù…Ù„Ø© Ø¨ÙˆÙ„Ù†Ø¯Ø§ØŒ Ø§Ù„Ø¥Ø·Ù„Ø§Ù‚ Ø¹Ù„ Ø¥ÙŠÙˆ."
319,Klara,oldey,koldey8u@sakura.ne.jp,Female,,-1/2
320,Ann,Piddington,apiddington8v@unc.edu,Genderqueer,,â€©testâ€©
321,Rosalie,Karczinski,rkarczinski8w@nps.gov,Agender,855 90,(ï½¡â—• âˆ€ â—•ï½¡)
322,Germana,Borrott,gborrott8x@jigsy.com,Genderqueer,,Â¸Ë›Ã‡â—ŠÄ±ËœÃ‚Â¯Ë˜Â¿
323,Dalila,Angel,dangel8y@oakley.com,Polygender,2154,Ì¦HÍÌ¬Ì¤Ì—Ì¤eÍœ ÍÌœÌ¥ÌÌ»ÍÌŸwÌ•hÌ–Ì¯Í“oÌÍ™Ì–ÍÌ±Ì® Ò‰ÌºÌ™ÌÌŸÍˆWÌ·Ì¼Ì­aÌºÌªÍiÌ¨ÍˆÍ•Ì­Í™Ì¯ÌœtÌ¶Ì¼Ì®sÌ•Ì˜Í™Í– Ì Ì«Ì BÌ»ÍÍ…Í™Í‰Ì³eÌµhÌµÌ¬Í‡Ì«Í™iÌ•Ì¹Í“Ì³Ì³Ì®ÍÌ«nÍŸdÌ´ÌªÌœÌ– ÍÌ°Í‰Ì©Í…Í‡Í™Ì²TÍ¢Í–Ì¼Í“ÌªhÍÍ“Ì®Ì»eÌ¬ÌÍ…ÌŸ Ì¤Ì¹ÌWÍÍ…Í™ÌÌÍ”Í‡aÍÍ“Í”Ì¹Ì¼Ì£lÌ´Í”Ì°Ì¤ÌŸÍ”lÌ­Ì«.Í•
324,Red,Slorance,rslorance8z@about.com,Bigender,42800-000,`â„â‚¬â€¹â€ºï¬ï¬‚â€¡Â°Â·â€šâ€”Â±
325,Lemuel,Shimman,lshimman90@si.edu,Non-binary,,<svg><script>0<1>alert('XSS')</script>
326,Mariam,Kedward,mkedward91@bandcamp.com,Female,,Ù¡Ù¢Ù£
327,Kristine,Dalli,kdalli92@ebay.co.uk,Female,,ğŸ‘¾ ğŸ™‡ ğŸ’ ğŸ™… ğŸ™† ğŸ™‹ ğŸ™ ğŸ™ 
328,Woodman,Banks,wbanks93@canalblog.com,Polygender,9227,100
329,Kizzee,Roaf,kroaf94@ovh.net,Genderqueer,175130,â‚€â‚â‚‚
330,Natividad,Labeuil,nlabeuil95@networkadvertising.org,Agender,93590,â°â´âµ
331,Nathan,Davys,ndavys96@wix.com,Genderqueer,,<img src=x onerror=alert('hi') />
332,Clarine,Tivnan,ctivnan97@webs.com,Genderfluid,,/dev/null; touch /tmp/blns.fail ; echo
333,Elga,Eisikovitsh,eeisikovitsh98@eventbrite.com,Genderfluid,5947,â€‹
334,Boothe,Morrell,bmorrell99@howstuffworks.com,Bigender,,ğŸ‘¾ ğŸ™‡ ğŸ’ ğŸ™… ğŸ™† ğŸ™‹ ğŸ™ ğŸ™ 
335,Blondelle,Andriveau,bandriveau9a@theguardian.com,Male,,NULL
336,Latrena,Carslaw,lcarslaw9b@narod.ru,Genderfluid,,å’Œè£½æ¼¢èª
337,Dexter,Hardingham,dhardingham9c@4shared.com,Genderfluid,,Î©â‰ˆÃ§âˆšâˆ«ËœÂµâ‰¤â‰¥Ã·
338,Lona,Done,ldone9d@upenn.edu,Agender,,â¤ï¸ ğŸ’” ğŸ’Œ ğŸ’• ğŸ’ ğŸ’“ ğŸ’— ğŸ’– ğŸ’˜ ğŸ’ ğŸ’Ÿ ğŸ’œ ğŸ’› ğŸ’š ğŸ’™
339,Fransisco,Skill,fskill9e@hhs.gov,Male,,-1
340,Lindon,Pardie,lpardie9f@chron.com,Genderqueer,60101,ğŸ˜
341,Grete,Fysh,gfysh9g@parallels.com,Genderfluid,,"Ø«Ù… Ù†ÙØ³ Ø³Ù‚Ø·Øª ÙˆØ¨Ø§Ù„ØªØ­Ø¯ÙŠØ¯ØŒ, Ø¬Ø²ÙŠØ±ØªÙŠ Ø¨Ø§Ø³ØªØ®Ø¯Ø§Ù… Ø£Ù† Ø¯Ù†Ùˆ. Ø¥Ø° Ù‡Ù†Ø§ØŸ Ø§Ù„Ø³ØªØ§Ø± ÙˆØªÙ†ØµÙŠØ¨ ÙƒØ§Ù†. Ø£Ù‡Ù‘Ù„ Ø§ÙŠØ·Ø§Ù„ÙŠØ§ØŒ Ø¨Ø±ÙŠØ·Ø§Ù†ÙŠØ§-ÙØ±Ù†Ø³Ø§ Ù‚Ø¯ Ø£Ø®Ø°. Ø³Ù„ÙŠÙ…Ø§Ù†ØŒ Ø¥ØªÙØ§Ù‚ÙŠØ© Ø¨ÙŠÙ† Ù…Ø§, ÙŠØ°ÙƒØ± Ø§Ù„Ø­Ø¯ÙˆØ¯ Ø£ÙŠ Ø¨Ø¹Ø¯, Ù…Ø¹Ø§Ù…Ù„Ø© Ø¨ÙˆÙ„Ù†Ø¯Ø§ØŒ Ø§Ù„Ø¥Ø·Ù„Ø§Ù‚ Ø¹Ù„ Ø¥ÙŠÙˆ."
342,Aubine,McGeorge,amcgeorge9h@live.com,Non-binary,,ãƒ‘ãƒ¼ãƒ†ã‚£ãƒ¼ã¸è¡Œã‹ãªã„ã‹
343,Jamey,Bollum,jbollum9i@dmoz.org,Bigender,1624,-1
344,Dallas,Olennikov,dolennikov9j@wordpress.com,Non-binary,,å’Œè£½æ¼¢èª
345,Ida,Westell,iwestell9k@sciencedaily.com,Female,,"""'""'""''''"""
346,Kirby,Cashmore,kcashmore9l@trellian.com,Female,8311,ãƒ½à¼¼àºˆÙ„Íœàºˆà¼½ï¾‰ ãƒ½à¼¼àºˆÙ„Íœàºˆà¼½ï¾‰ 
347,Marty,Grinnell,mgrinnell9m@ovh.net,Female,,""""
348,El,Karlsen,ekarlsen9n@clickbank.net,Agender,22017,/dev/null; touch /tmp/blns.fail ; echo
349,Ricard,Krink,rkrink9o@adobe.com,Female,3710,(ï½¡â—• âˆ€ â—•ï½¡)
350,Jason,Schustl,jschustl9p@themeforest.net,Agender,7504,100
351,Deborah,Loges,dloges9q@desdev.cn,Genderqueer,,1/0
352,Jaynell,O'Connor,joconnor9r@theglobeandmail.com,Genderfluid,99101,'
353,Scarlett,Birkinshaw,sbirkinshaw9s@photobucket.com,Polygender,,ãƒ‘ãƒ¼ãƒ†ã‚£ãƒ¼ã¸è¡Œã‹ãªã„ã‹
354,Rustie,Godbehere,rgodbehere9t@fotki.com,Female,,â€«testâ€«
355,Marlane,Giacoboni,mgiacoboni9u@github.com,Male,3078,â¡
356,Shayna,Bourthoumieux,sbourthoumieux9v@examiner.com,Polygender,152867,"<>?:""{}|_+"
357,Sergei,Johananov,sjohananov9w@dot.gov,Agender,,"Ø«Ù… Ù†ÙØ³ Ø³Ù‚Ø·Øª ÙˆØ¨Ø§Ù„ØªØ­Ø¯ÙŠØ¯ØŒ, Ø¬Ø²ÙŠØ±ØªÙŠ Ø¨Ø§Ø³ØªØ®Ø¯Ø§Ù… Ø£Ù† Ø¯Ù†Ùˆ. Ø¥Ø° Ù‡Ù†Ø§ØŸ Ø§Ù„Ø³ØªØ§Ø± ÙˆØªÙ†ØµÙŠØ¨ ÙƒØ§Ù†. Ø£Ù‡Ù‘Ù„ Ø§ÙŠØ·Ø§Ù„ÙŠØ§ØŒ Ø¨Ø±ÙŠØ·Ø§Ù†ÙŠØ§-ÙØ±Ù†Ø³Ø§ Ù‚Ø¯ Ø£Ø®Ø°. Ø³Ù„ÙŠÙ…Ø§Ù†ØŒ Ø¥ØªÙØ§Ù‚ÙŠØ© Ø¨ÙŠÙ† Ù…Ø§, ÙŠØ°ÙƒØ± Ø§Ù„Ø­Ø¯ÙˆØ¯ Ø£ÙŠ Ø¨Ø¹Ø¯, Ù…Ø¹Ø§Ù…Ù„Ø© Ø¨ÙˆÙ„Ù†Ø¯Ø§ØŒ Ø§Ù„Ø¥Ø·Ù„Ø§Ù‚ Ø¹Ù„ Ø¥ÙŠÙˆ."
358,Wallis,Sunner,wsunner9x@mapquest.com,Agender,,<script>alert('hi')</script>
359,Benoit,Reubel,breubel9y@gmpg.org,Male,49023 CEDEX 02,1'; DROP TABLE users--
360,Catina,Comazzo,ccomazzo9z@naver.com,Non-binary,,éƒ¨è½æ ¼
361,Gilbertine,Muschette,gmuschettea0@miitbeian.gov.cn,Bigender,3405-400,() { 0; }; touch /tmp/blns.shellshock1.fail;
362,Tammie,McQuilty,tmcquiltya1@yahoo.com,Female,,á 
363,Gilemette,Donovan,gdonovana2@sakura.ne.jp,Non-binary,,áš€
364,Pearl,Fettes,pfettesa3@ovh.net,Bigender,27990,â€«testâ€«
365,Frances,Bailie,fbailiea4@tumblr.com,Agender,,-1
366,Amalia,Donohue,adonohuea5@google.pl,Genderfluid,,ì‚¬íšŒê³¼í•™ì› ì–´í•™ì—°êµ¬ì†Œ
367,Pate,Vernay,pvernaya6@sina.com.cn,Genderfluid,,"""''''""'"""
368,Meaghan,Abrey,mabreya7@shinystat.com,Non-binary,,â¤ï¸ ğŸ’” ğŸ’Œ ğŸ’• ğŸ’ ğŸ’“ ğŸ’— ğŸ’– ğŸ’˜ ğŸ’ ğŸ’Ÿ ğŸ’œ ğŸ’› ğŸ’š ğŸ’™
369,Elenore,Easthope,eeasthopea8@yolasite.com,Non-binary,65191,ï½€ï½¨(Â´âˆ€ï½€âˆ©
370,Jerrome,Froschauer,jfroschauera9@topsy.com,Non-binary,,ï¾Ÿï½¥âœ¿ãƒ¾â•²(ï½¡â—•â€¿â—•ï½¡)â•±âœ¿ï½¥ï¾Ÿ
371,Augusta,Stancliffe,astancliffeaa@soundcloud.com,Polygender,,â¡
372,Dyna,O'Sherrin,dosherrinab@newsvine.com,Male,NR29,ìš¸ë€ë°”í† ë¥´
373,Colman,Naerup,cnaerupac@issuu.com,Agender,,ğŸ‘¾ ğŸ™‡ ğŸ’ ğŸ™… ğŸ™† ğŸ™‹ ğŸ™ ğŸ™ 
374,Derk,Castiglione,dcastiglionead@surveymonkey.com,Non-binary,,ğŸš¾ ğŸ†’ ğŸ†“ ğŸ†• ğŸ†– ğŸ†— ğŸ†™ ğŸ§
375,Gleda,Oneile,goneileae@vkontakte.ru,Polygender,,(â•¯Â°â–¡Â°ï¼‰â•¯ï¸µ â”»â”â”»)  
376,Billy,Nobbs,bnobbsaf@1und1.de,Genderfluid,92883,Â¸Ë›Ã‡â—ŠÄ±ËœÃ‚Â¯Ë˜Â¿
377,Devan,Beeswing,dbeeswingag@eepurl.com,Genderfluid,,
378,Blake,O'Spellissey,bospellisseyah@w3.org,Genderqueer,9321,ğŸµ ğŸ™ˆ ğŸ™‰ ğŸ™Š
379,Zacharia,Walker,zwalkerai@indiegogo.com,Female,,/dev/null; touch /tmp/blns.fail ; echo
380,Chastity,Wemyss,cwemyssaj@dyndns.org,Agender,66-440,ZÌ®ÌÍ…Ì Í™Í”AÌ¥Ì—ÌÍˆÌ»Ì—LÌ£Í™ÍÌ¯Ì¹ÌÍ“GÌ»OÌ­Ì—Ì®
381,Trude,Leist,tleistak@issuu.com,Bigender,,../../../../../../../../../../../etc/passwd%00
382,Gwenore,Birtonshaw,gbirtonshawal@google.fr,Genderfluid,4560-832,â°â´âµâ‚€â‚â‚‚
383,Ronalda,Jess,rjessam@tiny.cc,Male,,Ã…ÃÃÃËÃ“Ã”ï£¿Ã’ÃšÃ†â˜ƒ
384,Dante,Sparshutt,dsparshuttan@newsvine.com,Polygender,,(â•¯Â°â–¡Â°ï¼‰â•¯ï¸µ â”»â”â”»)  
385,Virginie,Hindrick,vhindrickao@soup.io,Genderfluid,,ï»¿
386,Mathilde,Lucchi,mlucchiap@gizmodo.com,Non-binary,6221,â€«testâ€«
387,Bambi,Dixcey,bdixceyaq@senate.gov,Genderqueer,,å’Œè£½æ¼¢èª
388,Benson,McCoish,bmccoishar@ebay.com,Bigender,,<svg><script>0<1>alert('XSS')</script>
389,Katerina,Grout,kgroutas@blinklist.com,Polygender,,<script>alert('hi')</script>
390,Irwinn,Pound,ipoundat@google.com.au,Non-binary,,ìš¸ë€ë°”í† ë¥´
391,Daune,Halmkin,dhalmkinau@storify.com,Bigender,63-640,100
392,Lola,Sigart,lsigartav@cloudflare.com,Female,,1
393,Sonnie,Touzey,stouzeyaw@china.com.cn,Agender,,1'; DROP TABLE users--
394,Viki,d' Elboux,vdelbouxax@chronoengine.com,Female,,â€«testâ€«
395,Nicky,Cullinan,ncullinanay@is.gd,Female,,100
396,Gloria,Marian,gmarianaz@alexa.com,Agender,,100
397,Cosette,Blackader,cblackaderb0@wired.com,Bigender,,áš€
398,Candi,Radwell,cradwellb1@1688.com,Female,5244,Å’â€Â´â€°Ë‡ÃÂ¨Ë†Ã˜âˆâ€â€™
399,Lydie,Thorogood,lthorogoodb2@mapy.cz,Bigender,6214,<script>alert('hi')</script>
400,Baily,Dougherty,bdoughertyb3@tuttocitta.it,Female,,ğŸ˜
401,Fowler,Bloor,fbloorb4@elpais.com,Agender,,Ã…ÃÃÃËÃ“Ã”ï£¿Ã’ÃšÃ†â˜ƒ
402,Andrew,Ewell,aewellb5@unesco.org,Agender,,Å“âˆ‘Â´Â®â€ Â¥Â¨Ë†Ã¸Ï€â€œâ€˜
403,Louisa,Maren,lmarenb6@tmall.com,Genderfluid,,../../../../../../../../../../../etc/passwd%00
404,Guillema,Zoren,gzorenb7@admin.ch,Bigender,56564,â¢
405,Mil,Hollyer,mhollyerb8@slate.com,Genderfluid,6090-511,1
406,Jdavie,Tear,jtearb9@altervista.org,Bigender,75480 CEDEX 10,1;DROP TABLE users
407,Vivian,Hollows,vhollowsba@wikispaces.com,Agender,,ìš¸ë€ë°”í† ë¥´
408,Clemmy,McKelvey,cmckelveybb@seesaa.net,Genderqueer,950,âœ‹ğŸ¿ ğŸ’ªğŸ¿ ğŸ‘ğŸ¿ ğŸ™ŒğŸ¿ ğŸ‘ğŸ¿ ğŸ™ğŸ¿
409,Zerk,Endrizzi,zendrizzibc@oakley.com,Bigender,,<img src=x onerror=alert('hi') />
410,Morten,Mithon,mmithonbd@statcounter.com,Female,,"Ø«Ù… Ù†ÙØ³ Ø³Ù‚Ø·Øª ÙˆØ¨Ø§Ù„ØªØ­Ø¯ÙŠØ¯ØŒ, Ø¬Ø²ÙŠØ±ØªÙŠ Ø¨Ø§Ø³ØªØ®Ø¯Ø§Ù… Ø£Ù† Ø¯Ù†Ùˆ. Ø¥Ø° Ù‡Ù†Ø§ØŸ Ø§Ù„Ø³ØªØ§Ø± ÙˆØªÙ†ØµÙŠØ¨ ÙƒØ§Ù†. Ø£Ù‡Ù‘Ù„ Ø§ÙŠØ·Ø§Ù„ÙŠØ§ØŒ Ø¨Ø±ÙŠØ·Ø§Ù†ÙŠØ§-ÙØ±Ù†Ø³Ø§ Ù‚Ø¯ Ø£Ø®Ø°. Ø³Ù„ÙŠÙ…Ø§Ù†ØŒ Ø¥ØªÙØ§Ù‚ÙŠØ© Ø¨ÙŠÙ† Ù…Ø§, ÙŠØ°ÙƒØ± Ø§Ù„Ø­Ø¯ÙˆØ¯ Ø£ÙŠ Ø¨Ø¹Ø¯, Ù…Ø¹Ø§Ù…Ù„Ø© Ø¨ÙˆÙ„Ù†Ø¯Ø§ØŒ Ø§Ù„Ø¥Ø·Ù„Ø§Ù‚ Ø¹Ù„ Ø¥ÙŠÙˆ."
411,Eada,Tweedle,etweedlebe@jigsy.com,Bigender,32222,âœ‹ğŸ¿ ğŸ’ªğŸ¿ ğŸ‘ğŸ¿ ğŸ™ŒğŸ¿ ğŸ‘ğŸ¿ ğŸ™ğŸ¿
412,Lezley,Rollason,lrollasonbf@ustream.tv,Agender,M3H,"""''''""'"""
413,Elspeth,Gurys,egurysbg@multiply.com,Polygender,,Ã¥ÃŸâˆ‚Æ’Â©Ë™âˆ†ËšÂ¬â€¦Ã¦
414,Tobin,Harnwell,tharnwellbh@webnode.com,Genderfluid,,NULL
415,Harriott,Lanphere,hlanpherebi@wordpress.com,Male,,""""""
416,Winonah,Britian,wbritianbj@shinystat.com,Male,,() { _; } >_[$($())] { touch /tmp/blns.shellshock2.fail; }
417,Denna,Temblett,dtemblettbk@nature.com,Non-binary,20195,áš€
418,Vanda,Corballis,vcorballisbl@nifty.com,Male,,100
419,Bastian,Bowerbank,bbowerbankbm@marketwatch.com,Non-binary,14790-000,á 
420,Federico,Biddle,fbiddlebn@unc.edu,Genderfluid,461 91,
421,Mata,Kirwan,mkirwanbo@diigo.com,Male,9610,ZÌ®ÌÍ…Ì Í™Í”AÌ¥Ì—ÌÍˆÌ»Ì—LÌ£Í™ÍÌ¯Ì¹ÌÍ“GÌ»OÌ­Ì—Ì®
422,Boonie,Defew,bdefewbp@ft.com,Genderfluid,,() { 0; }; touch /tmp/blns.shellshock1.fail;
423,Olympia,Zanutti,ozanuttibq@tmall.com,Polygender,6344,Ì¡Í“Í…ÌIÍÌ—Ì˜Ì¦nÍ‡Í‡Í™vÌ®Ì«okÌ²Ì«Ì™ÍˆiÌ–Í™Ì­Ì¹Ì ÌnÌ¡Ì»Ì®Ì£ÌºgÌ²ÍˆÍ™Ì­Í™Ì¬Í Ì°tÍ”Ì¦hÌÌ²eÌ¢Ì¤ ÍÌ¬Ì²Í–fÌ´Ì˜Í•Ì£eÍ€Í–eÌ£Ì¥Ì©lÍ–Í”ÍšiÍ Í“ÍšÌ¦nÍ–ÍÌ—Í“Ì³Ì®gÍ Ì¨oÍ¡ÍšÌªfÌ˜Ì£Ì¬ Ì–Ì˜Í–ÌŸÍ™Ì®cÒ‰Í”Ì«Í–Í“Í‡Í–Í…hÌµÌ¤Ì£ÍšÍ”aÍÌ—Ì¼Í…Í•oÌ¼Ì£Ì¥sÍ¢Ì±ÍˆÌºÌ–Ì¦Ì».Ì›Ì–ÌÌ Ì«Ì°
424,Barney,Prantoni,bprantonibr@paginegialle.it,Bigender,,1
425,Putnem,Neilan,pneilanbs@twitter.com,Genderfluid,,(ï½¡â—• âˆ€ â—•ï½¡)
426,Ros,Blabie,rblabiebt@ameblo.jp,Bigender,06-302,âœ‹ğŸ¿ ğŸ’ªğŸ¿ ğŸ‘ğŸ¿ ğŸ™ŒğŸ¿ ğŸ‘ğŸ¿ ğŸ™ğŸ¿
427,Sancho,Meadmore,smeadmorebu@yellowpages.com,Genderqueer,11-709,ğ œğ œ±ğ ¹ğ ±“ğ ±¸ğ ²–ğ ³
428,Georgina,Houchen,ghouchenbv@thetimes.co.uk,Genderfluid,6229,TÌ•Ì­ÌºÌºoÍ Ì·iÌ²Ì¬Í‡ÌªÍ™nÌÌ—Í•vÍŸÌŸÌœÌ˜Ì¦oÌ¶Ì™Ì°Ì keÍ€ÍšÌ®ÌºÌªÌ¹Ì±Ì¤ Ì–tÍÌÍ•Ì³Ì£Ì»ÌªhÌ¼Í“Ì²Ì¦Ì³Ì˜Ì²eÍ‡Ì£Ì°Ì¦Ì¬Í Ì¢Ì¼Ì»Ì±Ì˜hÍ…ÍšÍÍ™ÌœÌ£Ì²iÌ¦Ì²Ì£Ì°Ì¤vÌ»ÍeÌºÌ­Ì³ÌªÌ°-mÌ¢iÍ…nÌ–ÌºÌÌ²Ì¯Ì°dÌµÌ¼ÌŸÍ™Ì©Ì¼Ì˜Ì³ ÌÌ¥Ì±Ì³Ì­rÌ›Ì—Ì˜eÍ™pÍ rÌ¼ÌÌ»Ì­Ì—eÍŸÌºÌ Ì£sÌ˜Í‡Ì³ÍÌÍ‰eÍœÍ‰Ì¥Ì¯ÌÌ²ÍšÌ¬nÍ€Ì¬ÍÍÌŸÌ–Í‡Ì¤tÍ˜ÍÌ¬Í…Ì¤Í“Ì¼Ì­iÌªÌ±nÍ gÌ´Í‰ ÍÍ‰Í…cÌ¬ÌŸhÍ¡aÍ˜Ì«Ì»Ì¯oÌ«ÌŸÌ–ÍÌ™ÌÍ‰sÌ—Ì¦Ì².Ì¨Ì¹ÍˆÌ£
429,Helge,Rushby,hrushbybw@plala.or.jp,Bigender,2503,Ë™Énbá´‰lÉ ÉuÆƒÉÉ¯ ÇÉ¹olop Ê‡Ç ÇÉ¹oqÉl Ê‡n Ê‡unpá´‰pá´‰É”uá´‰ É¹odÉ¯ÇÊ‡ poÉ¯sná´‰Ç op pÇs 'Ê‡á´‰lÇ Æƒuá´‰É”sá´‰dá´‰pÉ É¹nÊ‡ÇÊ‡É”ÇsuoÉ” 'Ê‡ÇÉ¯É Ê‡á´‰s É¹olop É¯nsdá´‰ É¯ÇÉ¹oË¥
430,Brigitta,Polo,bpolobx@typepad.com,Female,65950-000,1/2
431,Kary,Sheirlaw,ksheirlawby@myspace.com,Non-binary,,ğŸµ ğŸ™ˆ ğŸ™‰ ğŸ™Š
432,Sherri,Skip,sskipbz@mapquest.com,Bigender,,$1.00
433,Jabez,Hindrick,jhindrickc0@so-net.ne.jp,Genderfluid,,",ã€‚ãƒ»:*:ãƒ»ã‚œâ€™( â˜» Ï‰ â˜» )ã€‚ãƒ»:*:ãƒ»ã‚œâ€™"
434,Dagny,Anderl,danderlc1@pbs.org,Genderqueer,07104 CEDEX,á 
435,Willy,St Louis,wstlouisc2@aol.com,Genderqueer,,â‚€â‚â‚‚
436,Renelle,Ulster,rulsterc3@eepurl.com,Genderfluid,413-0033,../../../../../../../../../../../etc/hosts
437,Korry,Graundisson,kgraundissonc4@oaic.gov.au,Bigender,,ç”°ä¸­ã•ã‚“ã«ã‚ã’ã¦ä¸‹ã•ã„
438,Dorthea,State,dstatec5@myspace.com,Non-binary,,â€ªâ€ªtestâ€ª
439,Augustin,Paulucci,apauluccic6@webs.com,Female,,nil
440,Ozzie,Luckey,oluckeyc7@livejournal.com,Agender,34-143,â¤ï¸ ğŸ’” ğŸ’Œ ğŸ’• ğŸ’ ğŸ’“ ğŸ’— ğŸ’– ğŸ’˜ ğŸ’ ğŸ’Ÿ ğŸ’œ ğŸ’› ğŸ’š ğŸ’™
441,Obed,Wanless,owanlessc8@domainmarket.com,Bigender,,ğŸš¾ ğŸ†’ ğŸ†“ ğŸ†• ğŸ†– ğŸ†— ğŸ†™ ğŸ§
442,Hewitt,Ivanichev,hivanichevc9@springer.com,Genderqueer,,$1.00
443,Kile,Spensly,kspenslyca@cocolog-nifty.com,Agender,76141,-1
444,Aurie,De Nisco,adeniscocb@yandex.ru,Genderfluid,4960-462,Î©â‰ˆÃ§âˆšâˆ«ËœÂµâ‰¤â‰¥Ã·
445,Osbert,Welbeck,owelbeckcc@mozilla.org,Polygender,,1E+096
446,Chaddy,Danhel,cdanhelcd@edublogs.org,Bigender,974 36,../../../../../../../../../../../etc/hosts
447,Miller,Rylstone,mrylstonece@tuttocitta.it,Bigender,35680-000,!@#$%^&*()
448,Demetrius,Wheelan,dwheelancf@sciencedaily.com,Male,18010,éƒ¨è½æ ¼
449,Kile,Brewood,kbrewoodcg@businessweek.com,Male,1224,ğŸµ ğŸ™ˆ ğŸ™‰ ğŸ™Š
450,Malena,Dradey,mdradeych@sitemeter.com,Agender,,â€«testâ€«
451,Danna,Charity,dcharityci@sakura.ne.jp,Genderqueer,2705-750,Â¡â„¢Â£Â¢âˆÂ§Â¶â€¢ÂªÂºâ€“â‰ 
452,Orsa,Gellett,ogellettcj@ft.com,Agender,2703,ì‚¬íšŒê³¼í•™ì› ì–´í•™ì—°êµ¬ì†Œ
453,Paulo,Castleman,pcastlemanck@jugem.jp,Polygender,241904,ZÌ®ÌÍ…Ì Í™Í”AÌ¥Ì—ÌÍˆÌ»Ì—LÌ£Í™ÍÌ¯Ì¹ÌÍ“GÌ»OÌ­Ì—Ì®
454,Ferguson,Meegan,fmeegancl@smugmug.com,Bigender,,"'""'"
455,Harper,Denney,hdenneycm@youku.com,Male,8000-076,1;DROP TABLE users
456,Myrtice,Signe,msignecn@weebly.com,Polygender,,1
457,Meryl,Hairon,mhaironco@state.tx.us,Male,188382,â¤ï¸ ğŸ’” ğŸ’Œ ğŸ’• ğŸ’ ğŸ’“ ğŸ’— ğŸ’– ğŸ’˜ ğŸ’ ğŸ’Ÿ ğŸ’œ ğŸ’› ğŸ’š ğŸ’™
458,Egbert,Minear,eminearcp@furl.net,Female,,"×‘Ö¼Ö°×¨Öµ××©×Ö´×™×ª, ×‘Ö¼Ö¸×¨Ö¸× ×Ö±×œÖ¹×”Ö´×™×, ×Öµ×ª ×”Ö·×©Ö¼×Ö¸×Ö·×™Ö´×, ×•Ö°×Öµ×ª ×”Ö¸×Ö¸×¨Ö¶×¥"
459,Saundra,Nockles,snocklescq@dagondesign.com,Genderqueer,59-101,"<>?:""{}|_+"
460,Adrianna,Blonfield,ablonfieldcr@mashable.com,Genderfluid,,ç”°ä¸­ã•ã‚“ã«ã‚ã’ã¦ä¸‹ã•ã„
461,Clayson,Hubback,chubbackcs@facebook.com,Male,10510,ï¾Ÿï½¥âœ¿ãƒ¾â•²(ï½¡â—•â€¿â—•ï½¡)â•±âœ¿ï½¥ï¾Ÿ
462,Jinny,Neilands,jneilandsct@wikimedia.org,Genderfluid,13617 CEDEX 1,() { _; } >_[$($())] { touch /tmp/blns.shellshock2.fail; }
463,Michel,Murney,mmurneycu@cmu.edu,Genderqueer,,Ã¥ÃŸâˆ‚Æ’Â©Ë™âˆ†ËšÂ¬â€¦Ã¦
464,Gannon,Ennion,gennioncv@google.nl,Male,,NIL
465,Cherri,Balderston,cbalderstoncw@imgur.com,Male,,-100
466,Garek,Stolberger,gstolbergercx@csmonitor.com,Polygender,,Å’â€Â´â€°Ë‡ÃÂ¨Ë†Ã˜âˆâ€â€™
467,Maurise,Jesty,mjestycy@google.com,Female,452230,(â•¯Â°â–¡Â°ï¼‰â•¯ï¸µ â”»â”â”»)  
468,Montague,Siene,msienecz@barnesandnoble.com,Genderqueer,27001,/dev/null; touch /tmp/blns.fail ; echo
469,Jamill,Marchelli,jmarchellid0@cmu.edu,Non-binary,,(â•¯Â°â–¡Â°ï¼‰â•¯ï¸µ â”»â”â”»)  
470,Shelagh,Ashall,sashalld1@1und1.de,Genderqueer,52460,
471,Benedict,Firminger,bfirmingerd2@vistaprint.com,Male,,Ã¥ÃŸâˆ‚Æ’Â©Ë™âˆ†ËšÂ¬â€¦Ã¦
472,Fanchette,Frier,ffrierd3@reddit.com,Genderqueer,4602,â‚€â‚â‚‚
473,Etienne,Winterflood,ewinterfloodd4@privacy.gov.au,Genderfluid,,ç”°ä¸­ã•ã‚“ã«ã‚ã’ã¦ä¸‹ã•ã„
474,Dayle,Jestico,djesticod5@sbwire.com,Genderqueer,301320,1E+096
475,Thor,Sapsford,tsapsfordd6@biblegateway.com,Female,WC2H,ğŸµ ğŸ™ˆ ğŸ™‰ ğŸ™Š
476,Burty,Avrahm,bavrahmd7@liveinternet.ru,Polygender,,×”Ö¸×™Ö°×ªÖ¸×”testØ§Ù„ØµÙØ­Ø§Øª Ø§Ù„ØªÙ‘Ø­ÙˆÙ„
477,Wandie,Minshall,wminshalld8@ucla.edu,Agender,,á 
478,Wake,Behnecken,wbehneckend9@dailymotion.com,Non-binary,2425-724,"×‘Ö¼Ö°×¨Öµ××©×Ö´×™×ª, ×‘Ö¼Ö¸×¨Ö¸× ×Ö±×œÖ¹×”Ö´×™×, ×Öµ×ª ×”Ö·×©Ö¼×Ö¸×Ö·×™Ö´×, ×•Ö°×Öµ×ª ×”Ö¸×Ö¸×¨Ö¶×¥"
479,Hulda,Madre,hmadreda@lulu.com,Non-binary,,â°â´âµâ‚€â‚â‚‚
480,Alard,Buyers,abuyersdb@bloglovin.com,Agender,,testâ testâ€«
481,Celestyna,Devo,cdevodc@artisteer.com,Female,,â¤ï¸ ğŸ’” ğŸ’Œ ğŸ’• ğŸ’ ğŸ’“ ğŸ’— ğŸ’– ğŸ’˜ ğŸ’ ğŸ’Ÿ ğŸ’œ ğŸ’› ğŸ’š ğŸ’™
482,Adara,Verrier,averrierdd@nhs.uk,Non-binary,,ãƒ½à¼¼àºˆÙ„Íœàºˆà¼½ï¾‰ ãƒ½à¼¼àºˆÙ„Íœàºˆà¼½ï¾‰ 
483,Stinky,Whightman,swhightmande@w3.org,Male,,ã€€
484,Flossi,Baiss,fbaissdf@guardian.co.uk,Male,,ç¤¾æœƒç§‘å­¸é™¢èªå­¸ç ”ç©¶æ‰€
485,Charla,Bilfoot,cbilfootdg@behance.net,Genderfluid,7460-005,(ï¾‰à²¥ç›Šà²¥ï¼‰ï¾‰ï»¿ â”»â”â”»
486,Lyndel,Gormley,lgormleydh@wp.com,Genderqueer,,Î©â‰ˆÃ§âˆšâˆ«ËœÂµâ‰¤â‰¥Ã·
487,Guenna,Talboy,gtalboydi@cargocollective.com,Polygender,37540-000,ğŸµ ğŸ™ˆ ğŸ™‰ ğŸ™Š
488,Charity,Capozzi,ccapozzidj@japanpost.jp,Bigender,56457,",./;'[]\-="
489,Kaitlynn,Cocklin,kcocklindk@dailymail.co.uk,Bigender,2605-006,ï»¿
490,Cindie,Beardon,cbeardondl@sbwire.com,Agender,38110,1E+096
491,Trevar,Naismith,tnaismithdm@w3.org,Female,,ï½€ï½¨(Â´âˆ€ï½€âˆ©
492,Mar,Ruoff,mruoffdn@microsoft.com,Female,1605,(ï¾‰à²¥ç›Šà²¥ï¼‰ï¾‰ï»¿ â”»â”â”»
493,Suzi,Linkie,slinkiedo@springer.com,Male,,â¢
494,Miran,Oswell,moswelldp@state.gov,Male,14150,Â¡â„¢Â£Â¢âˆÂ§Â¶â€¢ÂªÂºâ€“â‰ 
495,Goran,Wrightim,gwrightimdq@nasa.gov,Female,,éƒ¨è½æ ¼
496,Hugues,Blazhevich,hblazhevichdr@icq.com,Agender,,$1.00
497,Ravi,Elcocks,relcocksds@elegantthemes.com,Bigender,,Î©â‰ˆÃ§âˆšâˆ«ËœÂµâ‰¤â‰¥Ã·
498,Danyette,Franzen,dfranzendt@goo.ne.jp,Male,,""""""
499,Hakeem,Gorce,hgorcedu@last.fm,Genderfluid,,00Ë™Æ–$-
500,Gradey,Marjoribanks,gmarjoribanksdv@arizona.edu,Non-binary,,Ù¡Ù¢Ù£
501,Lyndsie,Elford,lelforddw@house.gov,Agender,,å’Œè£½æ¼¢èª
502,Joya,Elsmore,jelsmoredx@wix.com,Bigender,,-$1.00
503,Annamaria,McCroary,amccroarydy@cdbaby.com,Female,,"Ø«Ù… Ù†ÙØ³ Ø³Ù‚Ø·Øª ÙˆØ¨Ø§Ù„ØªØ­Ø¯ÙŠØ¯ØŒ, Ø¬Ø²ÙŠØ±ØªÙŠ Ø¨Ø§Ø³ØªØ®Ø¯Ø§Ù… Ø£Ù† Ø¯Ù†Ùˆ. Ø¥Ø° Ù‡Ù†Ø§ØŸ Ø§Ù„Ø³ØªØ§Ø± ÙˆØªÙ†ØµÙŠØ¨ ÙƒØ§Ù†. Ø£Ù‡Ù‘Ù„ Ø§ÙŠØ·Ø§Ù„ÙŠØ§ØŒ Ø¨Ø±ÙŠØ·Ø§Ù†ÙŠØ§-ÙØ±Ù†Ø³Ø§ Ù‚Ø¯ Ø£Ø®Ø°. Ø³Ù„ÙŠÙ…Ø§Ù†ØŒ Ø¥ØªÙØ§Ù‚ÙŠØ© Ø¨ÙŠÙ† Ù…Ø§, ÙŠØ°ÙƒØ± Ø§Ù„Ø­Ø¯ÙˆØ¯ Ø£ÙŠ Ø¨Ø¹Ø¯, Ù…Ø¹Ø§Ù…Ù„Ø© Ø¨ÙˆÙ„Ù†Ø¯Ø§ØŒ Ø§Ù„Ø¥Ø·Ù„Ø§Ù‚ Ø¹Ù„ Ø¥ÙŠÙˆ."
504,Ki,Pendlington,kpendlingtondz@loc.gov,Polygender,2017,() { 0; }; touch /tmp/blns.shellshock1.fail;
505,Herculie,Turn,hturne0@tinyurl.com,Genderqueer,G8M,-1/2
506,Thomasin,Davidy,tdavidye1@mit.edu,Bigender,,1
507,Elianore,O'Grogane,eogroganee2@facebook.com,Genderqueer,53600-000,Ì¡Í“Í…ÌIÍÌ—Ì˜Ì¦nÍ‡Í‡Í™vÌ®Ì«okÌ²Ì«Ì™ÍˆiÌ–Í™Ì­Ì¹Ì ÌnÌ¡Ì»Ì®Ì£ÌºgÌ²ÍˆÍ™Ì­Í™Ì¬Í Ì°tÍ”Ì¦hÌÌ²eÌ¢Ì¤ ÍÌ¬Ì²Í–fÌ´Ì˜Í•Ì£eÍ€Í–eÌ£Ì¥Ì©lÍ–Í”ÍšiÍ Í“ÍšÌ¦nÍ–ÍÌ—Í“Ì³Ì®gÍ Ì¨oÍ¡ÍšÌªfÌ˜Ì£Ì¬ Ì–Ì˜Í–ÌŸÍ™Ì®cÒ‰Í”Ì«Í–Í“Í‡Í–Í…hÌµÌ¤Ì£ÍšÍ”aÍÌ—Ì¼Í…Í•oÌ¼Ì£Ì¥sÍ¢Ì±ÍˆÌºÌ–Ì¦Ì».Ì›Ì–ÌÌ Ì«Ì°
508,Lin,Seggie,lseggiee3@printfriendly.com,Polygender,801 06,âœ‹ğŸ¿ ğŸ’ªğŸ¿ ğŸ‘ğŸ¿ ğŸ™ŒğŸ¿ ğŸ‘ğŸ¿ ğŸ™ğŸ¿
509,Manfred,Heinke,mheinkee4@hubpages.com,Genderfluid,96960,áš€
510,Biddy,Gillingham,bgillinghame5@wikia.com,Agender,538 03,â°â´âµ
511,Lucais,Cordel,lcordele6@japanpost.jp,Polygender,,-$1.00
512,Winifield,Brennand,wbrennande7@goo.ne.jp,Polygender,86000,Ë™Énbá´‰lÉ ÉuÆƒÉÉ¯ ÇÉ¹olop Ê‡Ç ÇÉ¹oqÉl Ê‡n Ê‡unpá´‰pá´‰É”uá´‰ É¹odÉ¯ÇÊ‡ poÉ¯sná´‰Ç op pÇs 'Ê‡á´‰lÇ Æƒuá´‰É”sá´‰dá´‰pÉ É¹nÊ‡ÇÊ‡É”ÇsuoÉ” 'Ê‡ÇÉ¯É Ê‡á´‰s É¹olop É¯nsdá´‰ É¯ÇÉ¹oË¥
513,Doralyn,Scyner,dscynere8@tripadvisor.com,Male,5309,Å’â€Â´â€°Ë‡ÃÂ¨Ë†Ã˜âˆâ€â€™
514,Benjamin,Defau,bdefaue9@washington.edu,Agender,,Ù¡Ù¢Ù£
515,Sadella,Springett,sspringettea@biblegateway.com,Agender,56209 CEDEX,â°â´âµ
516,Barry,Cota,bcotaeb@pbs.org,Agender,,"""''''""'"""
517,Galina,Robic,grobicec@gmpg.org,Agender,253618,-1
518,Sosanna,Kassidy,skassidyed@craigslist.org,Agender,,
519,Fayre,Dowrey,fdowreyee@dedecms.com,Non-binary,,ç¤¾æœƒç§‘å­¸é™¢èªå­¸ç ”ç©¶æ‰€
520,Dana,Abbati,dabbatief@bbc.co.uk,Genderfluid,,Ì¦HÍÌ¬Ì¤Ì—Ì¤eÍœ ÍÌœÌ¥ÌÌ»ÍÌŸwÌ•hÌ–Ì¯Í“oÌÍ™Ì–ÍÌ±Ì® Ò‰ÌºÌ™ÌÌŸÍˆWÌ·Ì¼Ì­aÌºÌªÍiÌ¨ÍˆÍ•Ì­Í™Ì¯ÌœtÌ¶Ì¼Ì®sÌ•Ì˜Í™Í– Ì Ì«Ì BÌ»ÍÍ…Í™Í‰Ì³eÌµhÌµÌ¬Í‡Ì«Í™iÌ•Ì¹Í“Ì³Ì³Ì®ÍÌ«nÍŸdÌ´ÌªÌœÌ– ÍÌ°Í‰Ì©Í…Í‡Í™Ì²TÍ¢Í–Ì¼Í“ÌªhÍÍ“Ì®Ì»eÌ¬ÌÍ…ÌŸ Ì¤Ì¹ÌWÍÍ…Í™ÌÌÍ”Í‡aÍÍ“Í”Ì¹Ì¼Ì£lÌ´Í”Ì°Ì¤ÌŸÍ”lÌ­Ì«.Í•
521,Klara,Bestman,kbestmaneg@newsvine.com,Non-binary,,â€ªâ€ªtestâ€ª
522,Joyan,McBrier,jmcbriereh@salon.com,Genderqueer,,''
523,Kyrstin,Willsmore,kwillsmoreei@domainmarket.com,Agender,,1/0
524,Lanna,McCumesky,lmccumeskyej@ovh.net,Genderqueer,,áš€
525,Lindsey,Carling,lcarlingek@sakura.ne.jp,Bigender,,Ã…ÃÃÃËÃ“Ã”ï£¿Ã’ÃšÃ†â˜ƒ
526,Chickie,Voysey,cvoyseyel@independent.co.uk,Genderfluid,341 84,null
527,Agneta,Delhay,adelhayem@gravatar.com,Genderqueer,,ğŸ‘¾ ğŸ™‡ ğŸ’ ğŸ™… ğŸ™† ğŸ™‹ ğŸ™ ğŸ™ 
528,Nat,Aspden,naspdenen@paginegialle.it,Female,,â€©testâ€©
529,Abbi,Streatfield,astreatfieldeo@abc.net.au,Polygender,,ï¼‘ï¼’ï¼“
530,Ellissa,Whittock,ewhittockep@edublogs.org,Non-binary,303014,"""''''""'"""
531,Belinda,Munnis,bmunniseq@xrea.com,Genderfluid,,TÌ•Ì­ÌºÌºoÍ Ì·iÌ²Ì¬Í‡ÌªÍ™nÌÌ—Í•vÍŸÌŸÌœÌ˜Ì¦oÌ¶Ì™Ì°Ì keÍ€ÍšÌ®ÌºÌªÌ¹Ì±Ì¤ Ì–tÍÌÍ•Ì³Ì£Ì»ÌªhÌ¼Í“Ì²Ì¦Ì³Ì˜Ì²eÍ‡Ì£Ì°Ì¦Ì¬Í Ì¢Ì¼Ì»Ì±Ì˜hÍ…ÍšÍÍ™ÌœÌ£Ì²iÌ¦Ì²Ì£Ì°Ì¤vÌ»ÍeÌºÌ­Ì³ÌªÌ°-mÌ¢iÍ…nÌ–ÌºÌÌ²Ì¯Ì°dÌµÌ¼ÌŸÍ™Ì©Ì¼Ì˜Ì³ ÌÌ¥Ì±Ì³Ì­rÌ›Ì—Ì˜eÍ™pÍ rÌ¼ÌÌ»Ì­Ì—eÍŸÌºÌ Ì£sÌ˜Í‡Ì³ÍÌÍ‰eÍœÍ‰Ì¥Ì¯ÌÌ²ÍšÌ¬nÍ€Ì¬ÍÍÌŸÌ–Í‡Ì¤tÍ˜ÍÌ¬Í…Ì¤Í“Ì¼Ì­iÌªÌ±nÍ gÌ´Í‰ ÍÍ‰Í…cÌ¬ÌŸhÍ¡aÍ˜Ì«Ì»Ì¯oÌ«ÌŸÌ–ÍÌ™ÌÍ‰sÌ—Ì¦Ì².Ì¨Ì¹ÍˆÌ£
532,Rosabelle,Chaff,rchaffer@reference.com,Genderqueer,,Ù¡Ù¢Ù£
533,Clerkclaude,Pylkynyton,cpylkynytones@nymag.com,Male,,ã€€
534,Carny,Pakenham,cpakenhamet@npr.org,Bigender,,-1/2
535,Benetta,Guidi,bguidieu@opensource.org,Female,,",ã€‚ãƒ»:*:ãƒ»ã‚œâ€™( â˜» Ï‰ â˜» )ã€‚ãƒ»:*:ãƒ»ã‚œâ€™"
536,Alwin,Knewstubb,aknewstubbev@hao123.com,Polygender,831 37,-$1.00
537,Hanan,Cabell,hcabellew@shareasale.com,Genderqueer,,â¡
538,Roselle,Durman,rdurmanex@fda.gov,Genderfluid,135 22,×”Ö¸×™Ö°×ªÖ¸×”testØ§Ù„ØµÙØ­Ø§Øª Ø§Ù„ØªÙ‘Ø­ÙˆÙ„
539,Mathew,Osban,mosbaney@icq.com,Non-binary,,""""""
540,Leonhard,Gensavage,lgensavageez@apache.org,Genderfluid,,â€ªâ€ªtestâ€ª
541,Loria,Clemow,lclemowf0@kickstarter.com,Male,606084,ï¾Ÿï½¥âœ¿ãƒ¾â•²(ï½¡â—•â€¿â—•ï½¡)â•±âœ¿ï½¥ï¾Ÿ
542,Anallese,Geffcock,ageffcockf1@reverbnation.com,Agender,11024,-100
543,Marla,Alliot,malliotf2@ask.com,Genderqueer,754-0021,âœ‹ğŸ¿ ğŸ’ªğŸ¿ ğŸ‘ğŸ¿ ğŸ™ŒğŸ¿ ğŸ‘ğŸ¿ ğŸ™ğŸ¿
544,Craig,Sanchis,csanchisf3@digg.com,Female,446154,áš€
545,Evered,Secombe,esecombef4@elpais.com,Bigender,131 88,"Ø«Ù… Ù†ÙØ³ Ø³Ù‚Ø·Øª ÙˆØ¨Ø§Ù„ØªØ­Ø¯ÙŠØ¯ØŒ, Ø¬Ø²ÙŠØ±ØªÙŠ Ø¨Ø§Ø³ØªØ®Ø¯Ø§Ù… Ø£Ù† Ø¯Ù†Ùˆ. Ø¥Ø° Ù‡Ù†Ø§ØŸ Ø§Ù„Ø³ØªØ§Ø± ÙˆØªÙ†ØµÙŠØ¨ ÙƒØ§Ù†. Ø£Ù‡Ù‘Ù„ Ø§ÙŠØ·Ø§Ù„ÙŠØ§ØŒ Ø¨Ø±ÙŠØ·Ø§Ù†ÙŠØ§-ÙØ±Ù†Ø³Ø§ Ù‚Ø¯ Ø£Ø®Ø°. Ø³Ù„ÙŠÙ…Ø§Ù†ØŒ Ø¥ØªÙØ§Ù‚ÙŠØ© Ø¨ÙŠÙ† Ù…Ø§, ÙŠØ°ÙƒØ± Ø§Ù„Ø­Ø¯ÙˆØ¯ Ø£ÙŠ Ø¨Ø¹Ø¯, Ù…Ø¹Ø§Ù…Ù„Ø© Ø¨ÙˆÙ„Ù†Ø¯Ø§ØŒ Ø§Ù„Ø¥Ø·Ù„Ø§Ù‚ Ø¹Ù„ Ø¥ÙŠÙˆ."
546,Valentia,Basnett,vbasnettf5@infoseek.co.jp,Non-binary,,Ù¡Ù¢Ù£
547,Goldina,Poel,gpoelf6@spotify.com,Bigender,2618,ãƒ‘ãƒ¼ãƒ†ã‚£ãƒ¼ã¸è¡Œã‹ãªã„ã‹
548,Salvidor,Drakers,sdrakersf7@china.com.cn,Female,30089,"'""'"
549,Tiena,Agar,tagarf8@mozilla.org,Polygender,,() { 0; }; touch /tmp/blns.shellshock1.fail;
550,Pincas,Wedmore.,pwedmoref9@ihg.com,Male,5464,ï»¿
551,Nyssa,Petric,npetricfa@networksolutions.com,Genderfluid,33731,() { _; } >_[$($())] { touch /tmp/blns.shellshock2.fail; }
552,Reba,de Najera,rdenajerafb@jigsy.com,Polygender,,<script>alert('hi')</script>
553,Thurston,Hilhouse,thilhousefc@rakuten.co.jp,Bigender,30760,Ì¡Í“Í…ÌIÍÌ—Ì˜Ì¦nÍ‡Í‡Í™vÌ®Ì«okÌ²Ì«Ì™ÍˆiÌ–Í™Ì­Ì¹Ì ÌnÌ¡Ì»Ì®Ì£ÌºgÌ²ÍˆÍ™Ì­Í™Ì¬Í Ì°tÍ”Ì¦hÌÌ²eÌ¢Ì¤ ÍÌ¬Ì²Í–fÌ´Ì˜Í•Ì£eÍ€Í–eÌ£Ì¥Ì©lÍ–Í”ÍšiÍ Í“ÍšÌ¦nÍ–ÍÌ—Í“Ì³Ì®gÍ Ì¨oÍ¡ÍšÌªfÌ˜Ì£Ì¬ Ì–Ì˜Í–ÌŸÍ™Ì®cÒ‰Í”Ì«Í–Í“Í‡Í–Í…hÌµÌ¤Ì£ÍšÍ”aÍÌ—Ì¼Í…Í•oÌ¼Ì£Ì¥sÍ¢Ì±ÍˆÌºÌ–Ì¦Ì».Ì›Ì–ÌÌ Ì«Ì°
554,Federico,Phalp,fphalpfd@forbes.com,Bigender,9201,á 
555,Ruperta,Greensall,rgreensallfe@si.edu,Agender,,ğŸš¾ ğŸ†’ ğŸ†“ ğŸ†• ğŸ†– ğŸ†— ğŸ†™ ğŸ§
556,Anabella,Elie,aelieff@fastcompany.com,Agender,13200-000,å’Œè£½æ¼¢èª
557,Colin,Poone,cpoonefg@businessinsider.com,Agender,47685,
558,Rosalinde,Scini,rscinifh@unicef.org,Bigender,303036,"×‘Ö¼Ö°×¨Öµ××©×Ö´×™×ª, ×‘Ö¼Ö¸×¨Ö¸× ×Ö±×œÖ¹×”Ö´×™×, ×Öµ×ª ×”Ö·×©Ö¼×Ö¸×Ö·×™Ö´×, ×•Ö°×Öµ×ª ×”Ö¸×Ö¸×¨Ö¶×¥"
559,Rozalin,Course,rcoursefi@g.co,Genderqueer,,00Ë™Æ–$-
560,Biron,Jeffries,bjeffriesfj@topsy.com,Genderfluid,98870,ğŸ‘¾ ğŸ™‡ ğŸ’ ğŸ™… ğŸ™† ğŸ™‹ ğŸ™ ğŸ™ 
561,Christabel,Ryce,crycefk@de.vu,Genderqueer,,"×‘Ö¼Ö°×¨Öµ××©×Ö´×™×ª, ×‘Ö¼Ö¸×¨Ö¸× ×Ö±×œÖ¹×”Ö´×™×, ×Öµ×ª ×”Ö·×©Ö¼×Ö¸×Ö·×™Ö´×, ×•Ö°×Öµ×ª ×”Ö¸×Ö¸×¨Ö¶×¥"
562,Dickie,Hawke,dhawkefl@baidu.com,Female,427439,Â¡â„¢Â£Â¢âˆÂ§Â¶â€¢ÂªÂºâ€“â‰ 
563,Dede,Espadas,despadasfm@admin.ch,Polygender,,<img src=x onerror=alert('hi') />
564,Harley,Thorowgood,hthorowgoodfn@dmoz.org,Male,,Î©â‰ˆÃ§âˆšâˆ«ËœÂµâ‰¤â‰¥Ã·
565,Rosetta,Pervoe,rpervoefo@imgur.com,Non-binary,,Ì—ÌºÍ–Ì¹Ì¯Í“TÌ±Ì¤ÍÌ¥Í‡ÍˆhÍÌ²eÍÍ“Ì¼Ì—Ì™Ì¼Ì£Í” Í‡ÌœÌ±Ì Í“ÍÍ…NÍ Í•eÌ—Ì±zÌ˜ÌÌœÌºÍ™pÌ¤ÌºÌ¹ÍÌ¯ÍšeÍœÌ Ì»Ì rÌ¨Ì¤ÍÌºÌ–Í”Ì–Ì–dÍŸÌ ÌŸÌ­Ì¬ÌiÌ¦Í–Ì©Í“Í”Ì¤aÌ Ì—Ì¬Í‰Ì™nÍœÍš Ì»ÌÌ°ÍšÍ…hÌµÍ‰iÌ³ÌvÌ¢Í‡eÍŸÌ­Í-Ò‰Ì­Ì©Ì¼Í”mÌ¤Ì­Ì«iÍ•Í‡ÌÌ¦nÌ—Í™dÌ£ÌŸ ÍÌ¯Ì²Í•oÌ¨ÌŸÌ¯Ì°Ì²Í™Ì»Ìf Í˜ÌªÌ°Ì°Ì—Ì–Ì­Ì˜cÌ¦ÍÌ²ÌÍÌ©Ì™hÌ£ÍšaÍœÌ®ÍÌŸÌ™oÌ›Ì©Ì¹ÍsÌ¤.ÌÌ Ò‰ZÌ¡Ì–ÌœÍ–Ì°Ì£Í‰ÌœaÍ¡Í–Ì°Í™Ì¬lÌ²Ì«Ì³ÍÌ©gÌ¡ÌŸÌ¼Ì±ÍšÌÌ¬Í…oÍœÌ—.ÌŸ
566,Sheffy,Andreazzi,sandreazzifp@dot.gov,Polygender,07309 CEDEX,<img src=x onerror=alert('hi') />
567,Micheal,Bernasek,mbernasekfq@pen.io,Polygender,,ç”°ä¸­ã•ã‚“ã«ã‚ã’ã¦ä¸‹ã•ã„
568,Deborah,Caffery,dcafferyfr@php.net,Genderqueer,,ìš¸ë€ë°”í† ë¥´
569,Kristo,Sambeck,ksambeckfs@edublogs.org,Agender,,(ï¾‰à²¥ç›Šà²¥ï¼‰ï¾‰ï»¿ â”»â”â”»
570,Abagael,Nation,anationft@weather.com,Male,,<script>alert('hi')</script>
571,Krishna,Muddimer,kmuddimerfu@arizona.edu,Agender,68105,",ã€‚ãƒ»:*:ãƒ»ã‚œâ€™( â˜» Ï‰ â˜» )ã€‚ãƒ»:*:ãƒ»ã‚œâ€™"
572,Olvan,Normanton,onormantonfv@ftc.gov,Non-binary,,<img src=x onerror=alert('hi') />
573,Darrick,Yukhnini,dyukhninifw@bloglovin.com,Male,6555,Â¸Ë›Ã‡â—ŠÄ±ËœÃ‚Â¯Ë˜Â¿
574,Hieronymus,Cotillard,hcotillardfx@hatena.ne.jp,Bigender,50695,1;DROP TABLE users
575,Archer,Paylor,apaylorfy@spotify.com,Agender,,â°â´âµâ‚€â‚â‚‚
576,Liana,Magenny,lmagennyfz@fda.gov,Male,,null
577,Lotte,Gaffney,lgaffneyg0@mit.edu,Polygender,629420,-100
578,Oswell,Patifield,opatifieldg1@theguardian.com,Agender,6050-435,Â¡â„¢Â£Â¢âˆÂ§Â¶â€¢ÂªÂºâ€“â‰ 
579,Rod,Jedrzejewski,rjedrzejewskig2@blog.com,Bigender,433940,0
580,Shalne,John,sjohng3@jiathis.com,Genderqueer,347780,á 
581,Fran,Hayball,fhayballg4@hatena.ne.jp,Genderqueer,,Å“âˆ‘Â´Â®â€ Â¥Â¨Ë†Ã¸Ï€â€œâ€˜
582,Cindi,Locksley,clocksleyg5@redcross.org,Bigender,2914,/dev/null; touch /tmp/blns.fail ; echo
583,Myca,Gregorin,mgregoring6@timesonline.co.uk,Polygender,687 65,Ì—ÌºÍ–Ì¹Ì¯Í“TÌ±Ì¤ÍÌ¥Í‡ÍˆhÍÌ²eÍÍ“Ì¼Ì—Ì™Ì¼Ì£Í” Í‡ÌœÌ±Ì Í“ÍÍ…NÍ Í•eÌ—Ì±zÌ˜ÌÌœÌºÍ™pÌ¤ÌºÌ¹ÍÌ¯ÍšeÍœÌ Ì»Ì rÌ¨Ì¤ÍÌºÌ–Í”Ì–Ì–dÍŸÌ ÌŸÌ­Ì¬ÌiÌ¦Í–Ì©Í“Í”Ì¤aÌ Ì—Ì¬Í‰Ì™nÍœÍš Ì»ÌÌ°ÍšÍ…hÌµÍ‰iÌ³ÌvÌ¢Í‡eÍŸÌ­Í-Ò‰Ì­Ì©Ì¼Í”mÌ¤Ì­Ì«iÍ•Í‡ÌÌ¦nÌ—Í™dÌ£ÌŸ ÍÌ¯Ì²Í•oÌ¨ÌŸÌ¯Ì°Ì²Í™Ì»Ìf Í˜ÌªÌ°Ì°Ì—Ì–Ì­Ì˜cÌ¦ÍÌ²ÌÍÌ©Ì™hÌ£ÍšaÍœÌ®ÍÌŸÌ™oÌ›Ì©Ì¹ÍsÌ¤.ÌÌ Ò‰ZÌ¡Ì–ÌœÍ–Ì°Ì£Í‰ÌœaÍ¡Í–Ì°Í™Ì¬lÌ²Ì«Ì³ÍÌ©gÌ¡ÌŸÌ¼Ì±ÍšÌÌ¬Í…oÍœÌ—.ÌŸ
584,Marie,Buscher,mbuscherg7@earthlink.net,Agender,,"""'""'""''''"""
585,Tybie,Livick,tlivickg8@loc.gov,Polygender,,() { 0; }; touch /tmp/blns.shellshock1.fail;
586,Giacopo,Figura,gfigurag9@gnu.org,Male,3474,-100
587,Tawnya,Ellerker,tellerkerga@example.com,Agender,29102 CEDEX,ï¾Ÿï½¥âœ¿ãƒ¾â•²(ï½¡â—•â€¿â—•ï½¡)â•±âœ¿ï½¥ï¾Ÿ
588,Marianne,Barton,mbartongb@slideshare.net,Bigender,,ï¼‘ï¼’ï¼“
589,Zabrina,Chanders,zchandersgc@wp.com,Genderfluid,,ãƒ½à¼¼àºˆÙ„Íœàºˆà¼½ï¾‰ ãƒ½à¼¼àºˆÙ„Íœàºˆà¼½ï¾‰ 
590,Inessa,Worms,iwormsgd@symantec.com,Male,06016 CEDEX 1,Å“âˆ‘Â´Â®â€ Â¥Â¨Ë†Ã¸Ï€â€œâ€˜
591,Rowe,Mattin,rmattinge@loc.gov,Genderfluid,,ç”°ä¸­ã•ã‚“ã«ã‚ã’ã¦ä¸‹ã•ã„
592,Bear,Camoletto,bcamolettogf@bbb.org,Non-binary,,×”Ö¸×™Ö°×ªÖ¸×”testØ§Ù„ØµÙØ­Ø§Øª Ø§Ù„ØªÙ‘Ø­ÙˆÙ„
593,Yard,Murrell,ymurrellgg@jalbum.net,Polygender,58501,â€ªâ€ªtestâ€ª
594,Moira,Keirle,mkeirlegh@purevolume.com,Polygender,,testâ testâ€«
595,Alanna,Tatford,atatfordgi@g.co,Agender,,Å’â€Â´â€°Ë‡ÃÂ¨Ë†Ã˜âˆâ€â€™
596,Gert,Browning,gbrowninggj@sciencedaily.com,Bigender,,ğŸ‘©ğŸ½
597,Kassie,Horsted,khorstedgk@devhub.com,Non-binary,48130,"Ø«Ù… Ù†ÙØ³ Ø³Ù‚Ø·Øª ÙˆØ¨Ø§Ù„ØªØ­Ø¯ÙŠØ¯ØŒ, Ø¬Ø²ÙŠØ±ØªÙŠ Ø¨Ø§Ø³ØªØ®Ø¯Ø§Ù… Ø£Ù† Ø¯Ù†Ùˆ. Ø¥Ø° Ù‡Ù†Ø§ØŸ Ø§Ù„Ø³ØªØ§Ø± ÙˆØªÙ†ØµÙŠØ¨ ÙƒØ§Ù†. Ø£Ù‡Ù‘Ù„ Ø§ÙŠØ·Ø§Ù„ÙŠØ§ØŒ Ø¨Ø±ÙŠØ·Ø§Ù†ÙŠØ§-ÙØ±Ù†Ø³Ø§ Ù‚Ø¯ Ø£Ø®Ø°. Ø³Ù„ÙŠÙ…Ø§Ù†ØŒ Ø¥ØªÙØ§Ù‚ÙŠØ© Ø¨ÙŠÙ† Ù…Ø§, ÙŠØ°ÙƒØ± Ø§Ù„Ø­Ø¯ÙˆØ¯ Ø£ÙŠ Ø¨Ø¹Ø¯, Ù…Ø¹Ø§Ù…Ù„Ø© Ø¨ÙˆÙ„Ù†Ø¯Ø§ØŒ Ø§Ù„Ø¥Ø·Ù„Ø§Ù‚ Ø¹Ù„ Ø¥ÙŠÙˆ."
598,Teodor,Gregs,tgregsgl@google.it,Male,171843,ğŸ˜
599,Libbey,Balf,lbalfgm@pen.io,Agender,35900-000,ğŸ˜
600,Celina,Rasmus,crasmusgn@slate.com,Polygender,,Ã¥ÃŸâˆ‚Æ’Â©Ë™âˆ†ËšÂ¬â€¦Ã¦
601,Alfred,Scarlin,ascarlingo@last.fm,Genderqueer,,<script>alert('hi')</script>
602,Vera,Laurand,vlaurandgp@independent.co.uk,Genderfluid,,å’Œè£½æ¼¢èª
603,Tallulah,Dumsday,tdumsdaygq@cbsnews.com,Polygender,2630,1/0
604,Clarice,Eddisford,ceddisfordgr@ed.gov,Male,458 31,ğŸ˜
605,Tommy,Tracy,ttracygs@aboutads.info,Male,,â¦testâ§
606,Aeriela,McTrustram,amctrustramgt@alexa.com,Bigender,20311 CEDEX 1,Ã…ÃÃÃËÃ“Ã”ï£¿Ã’ÃšÃ†â˜ƒ
607,Hillery,Pollard,hpollardgu@hc360.com,Genderqueer,368222,ç”°ä¸­ã•ã‚“ã«ã‚ã’ã¦ä¸‹ã•ã„
608,Cammy,Shemming,cshemminggv@example.com,Non-binary,9600,!@#$%^&*()
609,Candace,Baser,cbasergw@taobao.com,Bigender,403879,-1
610,Raffarty,Burleigh,rburleighgx@vinaora.com,Female,1275,ìš¸ë€ë°”í† ë¥´
611,Perl,Devanney,pdevanneygy@apache.org,Non-binary,312 36,Ã…ÃÃÃËÃ“Ã”ï£¿Ã’ÃšÃ†â˜ƒ
612,Lenna,Douty,ldoutygz@fotki.com,Genderqueer,6101,ç¤¾æœƒç§‘å­¸é™¢èªå­¸ç ”ç©¶æ‰€
613,Rudolph,Dominka,rdominkah0@senate.gov,Agender,77000-000,Ã…ÃÃÃËÃ“Ã”ï£¿Ã’ÃšÃ†â˜ƒ
614,Dewey,Giff,dgiffh1@ft.com,Bigender,650,Î©â‰ˆÃ§âˆšâˆ«ËœÂµâ‰¤â‰¥Ã·
615,Stacee,Cannings,scanningsh2@cnn.com,Female,,<img src=x onerror=alert('hi') />
616,Indira,Houlden,ihouldenh3@51.la,Male,95-047,-$1.00
617,Lindsy,Chorlton,lchorltonh4@shareasale.com,Genderfluid,164 73,-100
618,Amii,Bealing,abealingh5@smh.com.au,Male,,Â¡â„¢Â£Â¢âˆÂ§Â¶â€¢ÂªÂºâ€“â‰ 
619,Ezekiel,Mountfort,emountforth6@uiuc.edu,Agender,,-1/2
620,Chancey,Tiplady,ctipladyh7@rambler.ru,Bigender,1522,"""''''""'"""
621,Kakalina,Treby,ktrebyh8@businesswire.com,Agender,,â€«testâ€«
622,Jeth,Connah,jconnahh9@sohu.com,Polygender,152000,ï»¿
623,Cordi,Lunk,clunkha@seattletimes.com,Agender,618460,ãƒ»(ï¿£âˆ€ï¿£)ãƒ»:*:
624,Melva,Jantot,mjantothb@yale.edu,Genderqueer,,á 
625,Shay,Bunworth,sbunworthhc@naver.com,Polygender,,() { 0; }; touch /tmp/blns.shellshock1.fail;
626,Dante,Pascow,dpascowhd@bravesites.com,Agender,,éƒ¨è½æ ¼
627,Tamra,Martynikhin,tmartynikhinhe@amazonaws.com,Genderqueer,86350,â¤ï¸ ğŸ’” ğŸ’Œ ğŸ’• ğŸ’ ğŸ’“ ğŸ’— ğŸ’– ğŸ’˜ ğŸ’ ğŸ’Ÿ ğŸ’œ ğŸ’› ğŸ’š ğŸ’™
628,Elisabet,Relfe,erelfehf@deliciousdays.com,Polygender,,â¤ï¸ ğŸ’” ğŸ’Œ ğŸ’• ğŸ’ ğŸ’“ ğŸ’— ğŸ’– ğŸ’˜ ğŸ’ ğŸ’Ÿ ğŸ’œ ğŸ’› ğŸ’š ğŸ’™
629,Nesta,Reggio,nreggiohg@fda.gov,Agender,,×”Ö¸×™Ö°×ªÖ¸×”testØ§Ù„ØµÙØ­Ø§Øª Ø§Ù„ØªÙ‘Ø­ÙˆÙ„
630,Agustin,Collingham,acollinghamhh@goo.ne.jp,Genderqueer,,å’Œè£½æ¼¢èª
631,Elaina,Blann,eblannhi@dedecms.com,Genderqueer,301 80,áš€
632,Urban,Martellini,umartellinihj@bloglines.com,Polygender,,Ì¡Í“Í…ÌIÍÌ—Ì˜Ì¦nÍ‡Í‡Í™vÌ®Ì«okÌ²Ì«Ì™ÍˆiÌ–Í™Ì­Ì¹Ì ÌnÌ¡Ì»Ì®Ì£ÌºgÌ²ÍˆÍ™Ì­Í™Ì¬Í Ì°tÍ”Ì¦hÌÌ²eÌ¢Ì¤ ÍÌ¬Ì²Í–fÌ´Ì˜Í•Ì£eÍ€Í–eÌ£Ì¥Ì©lÍ–Í”ÍšiÍ Í“ÍšÌ¦nÍ–ÍÌ—Í“Ì³Ì®gÍ Ì¨oÍ¡ÍšÌªfÌ˜Ì£Ì¬ Ì–Ì˜Í–ÌŸÍ™Ì®cÒ‰Í”Ì«Í–Í“Í‡Í–Í…hÌµÌ¤Ì£ÍšÍ”aÍÌ—Ì¼Í…Í•oÌ¼Ì£Ì¥sÍ¢Ì±ÍˆÌºÌ–Ì¦Ì».Ì›Ì–ÌÌ Ì«Ì°
633,Marcelia,Renny,mrennyhk@kickstarter.com,Polygender,48-120,â°â´âµâ‚€â‚â‚‚
634,Eugenius,Redd,ereddhl@zimbio.com,Bigender,,1'; DROP TABLE users--
635,Karel,Ruvel,kruvelhm@who.int,Female,,""""""
636,Amelina,Odam,aodamhn@smh.com.au,Agender,,null
637,Gael,Meldrum,gmeldrumho@samsung.com,Agender,,â°â´âµâ‚€â‚â‚‚
638,Valeria,Hogbin,vhogbinhp@w3.org,Genderqueer,,Ì—ÌºÍ–Ì¹Ì¯Í“TÌ±Ì¤ÍÌ¥Í‡ÍˆhÍÌ²eÍÍ“Ì¼Ì—Ì™Ì¼Ì£Í” Í‡ÌœÌ±Ì Í“ÍÍ…NÍ Í•eÌ—Ì±zÌ˜ÌÌœÌºÍ™pÌ¤ÌºÌ¹ÍÌ¯ÍšeÍœÌ Ì»Ì rÌ¨Ì¤ÍÌºÌ–Í”Ì–Ì–dÍŸÌ ÌŸÌ­Ì¬ÌiÌ¦Í–Ì©Í“Í”Ì¤aÌ Ì—Ì¬Í‰Ì™nÍœÍš Ì»ÌÌ°ÍšÍ…hÌµÍ‰iÌ³ÌvÌ¢Í‡eÍŸÌ­Í-Ò‰Ì­Ì©Ì¼Í”mÌ¤Ì­Ì«iÍ•Í‡ÌÌ¦nÌ—Í™dÌ£ÌŸ ÍÌ¯Ì²Í•oÌ¨ÌŸÌ¯Ì°Ì²Í™Ì»Ìf Í˜ÌªÌ°Ì°Ì—Ì–Ì­Ì˜cÌ¦ÍÌ²ÌÍÌ©Ì™hÌ£ÍšaÍœÌ®ÍÌŸÌ™oÌ›Ì©Ì¹ÍsÌ¤.ÌÌ Ò‰ZÌ¡Ì–ÌœÍ–Ì°Ì£Í‰ÌœaÍ¡Í–Ì°Í™Ì¬lÌ²Ì«Ì³ÍÌ©gÌ¡ÌŸÌ¼Ì±ÍšÌÌ¬Í…oÍœÌ—.ÌŸ
639,Fredek,Walmsley,fwalmsleyhq@reuters.com,Non-binary,761517,áš€
640,Vinita,Baal,vbaalhr@wordpress.com,Genderfluid,,",./;'[]\-="
641,Randy,Enocksson,renockssonhs@cafepress.com,Bigender,4710-627,Å“âˆ‘Â´Â®â€ Â¥Â¨Ë†Ã¸Ï€â€œâ€˜
642,Cicely,Grigoliis,cgrigoliisht@flavors.me,Polygender,,100
643,Cirilo,Yancey,cyanceyhu@sogou.com,Agender,,1
644,Saul,Marsay,smarsayhv@google.ru,Non-binary,,0/0
645,Wesley,Nerheny,wnerhenyhw@usa.gov,Non-binary,L9T,/dev/null; touch /tmp/blns.fail ; echo
646,Nichols,Samms,nsammshx@reverbnation.com,Non-binary,,á 
647,Amelie,O'Dowling,aodowlinghy@rediff.com,Genderqueer,,"Ø«Ù… Ù†ÙØ³ Ø³Ù‚Ø·Øª ÙˆØ¨Ø§Ù„ØªØ­Ø¯ÙŠØ¯ØŒ, Ø¬Ø²ÙŠØ±ØªÙŠ Ø¨Ø§Ø³ØªØ®Ø¯Ø§Ù… Ø£Ù† Ø¯Ù†Ùˆ. Ø¥Ø° Ù‡Ù†Ø§ØŸ Ø§Ù„Ø³ØªØ§Ø± ÙˆØªÙ†ØµÙŠØ¨ ÙƒØ§Ù†. Ø£Ù‡Ù‘Ù„ Ø§ÙŠØ·Ø§Ù„ÙŠØ§ØŒ Ø¨Ø±ÙŠØ·Ø§Ù†ÙŠØ§-ÙØ±Ù†Ø³Ø§ Ù‚Ø¯ Ø£Ø®Ø°. Ø³Ù„ÙŠÙ…Ø§Ù†ØŒ Ø¥ØªÙØ§Ù‚ÙŠØ© Ø¨ÙŠÙ† Ù…Ø§, ÙŠØ°ÙƒØ± Ø§Ù„Ø­Ø¯ÙˆØ¯ Ø£ÙŠ Ø¨Ø¹Ø¯, Ù…Ø¹Ø§Ù…Ù„Ø© Ø¨ÙˆÙ„Ù†Ø¯Ø§ØŒ Ø§Ù„Ø¥Ø·Ù„Ø§Ù‚ Ø¹Ù„ Ø¥ÙŠÙˆ."
648,Elsbeth,Bishell,ebishellhz@ehow.com,Agender,,() { _; } >_[$($())] { touch /tmp/blns.shellshock2.fail; }
649,Luce,Blenkinship,lblenkinshipi0@stumbleupon.com,Non-binary,518-0875,-$1.00
650,Fairfax,Zorer,fzoreri1@slideshare.net,Polygender,05-094,(ï½¡â—• âˆ€ â—•ï½¡)
651,L;urette,Ballham,lballhami2@comcast.net,Polygender,,'
652,Sarina,Yukhin,syukhini3@stanford.edu,Genderfluid,,"""'""'""''''"""
653,Robert,Lantuff,rlantuffi4@privacy.gov.au,Agender,,Ã¥ÃŸâˆ‚Æ’Â©Ë™âˆ†ËšÂ¬â€¦Ã¦
654,Joseph,Pentecust,jpentecusti5@storify.com,Genderfluid,5120-040,â°â´âµ
655,Vincent,Abelson,vabelsoni6@sciencedaily.com,Female,,
656,Domingo,Chestney,dchestneyi7@edublogs.org,Non-binary,,-1/2
657,Caren,O'Regan,coregani8@washingtonpost.com,Genderfluid,,ğŸ˜
658,Annabal,Hovington,ahovingtoni9@comcast.net,Polygender,,-1
659,Ozzie,Cheek,ocheekia@purevolume.com,Genderqueer,,â¢
660,Abeu,Flintuff,aflintuffib@cisco.com,Genderqueer,,(ï½¡â—• âˆ€ â—•ï½¡)
661,Francis,Yeomans,fyeomansic@tripadvisor.com,Non-binary,,",ã€‚ãƒ»:*:ãƒ»ã‚œâ€™( â˜» Ï‰ â˜» )ã€‚ãƒ»:*:ãƒ»ã‚œâ€™"
662,Oberon,Kleinfeld,okleinfeldid@simplemachines.org,Polygender,,../../../../../../../../../../../etc/hosts
663,Ryon,Pilipets,rpilipetsie@istockphoto.com,Bigender,607069,â€‹
664,Jakob,Stitson,jstitsonif@tinypic.com,Agender,07-437,(ï¾‰à²¥ç›Šà²¥ï¼‰ï¾‰ï»¿ â”»â”â”»
665,Friedrick,Tipler,ftiplerig@about.me,Bigender,,0
666,Hakim,Caplin,hcaplinih@mashable.com,Male,,Ù¡Ù¢Ù£
667,Naomi,Wykes,nwykesii@domainmarket.com,Bigender,50935,Ì¦HÍÌ¬Ì¤Ì—Ì¤eÍœ ÍÌœÌ¥ÌÌ»ÍÌŸwÌ•hÌ–Ì¯Í“oÌÍ™Ì–ÍÌ±Ì® Ò‰ÌºÌ™ÌÌŸÍˆWÌ·Ì¼Ì­aÌºÌªÍiÌ¨ÍˆÍ•Ì­Í™Ì¯ÌœtÌ¶Ì¼Ì®sÌ•Ì˜Í™Í– Ì Ì«Ì BÌ»ÍÍ…Í™Í‰Ì³eÌµhÌµÌ¬Í‡Ì«Í™iÌ•Ì¹Í“Ì³Ì³Ì®ÍÌ«nÍŸdÌ´ÌªÌœÌ– ÍÌ°Í‰Ì©Í…Í‡Í™Ì²TÍ¢Í–Ì¼Í“ÌªhÍÍ“Ì®Ì»eÌ¬ÌÍ…ÌŸ Ì¤Ì¹ÌWÍÍ…Í™ÌÌÍ”Í‡aÍÍ“Í”Ì¹Ì¼Ì£lÌ´Í”Ì°Ì¤ÌŸÍ”lÌ­Ì«.Í•
668,Deina,Caush,dcaushij@1688.com,Male,H5B,"Ø«Ù… Ù†ÙØ³ Ø³Ù‚Ø·Øª ÙˆØ¨Ø§Ù„ØªØ­Ø¯ÙŠØ¯ØŒ, Ø¬Ø²ÙŠØ±ØªÙŠ Ø¨Ø§Ø³ØªØ®Ø¯Ø§Ù… Ø£Ù† Ø¯Ù†Ùˆ. Ø¥Ø° Ù‡Ù†Ø§ØŸ Ø§Ù„Ø³ØªØ§Ø± ÙˆØªÙ†ØµÙŠØ¨ ÙƒØ§Ù†. Ø£Ù‡Ù‘Ù„ Ø§ÙŠØ·Ø§Ù„ÙŠØ§ØŒ Ø¨Ø±ÙŠØ·Ø§Ù†ÙŠØ§-ÙØ±Ù†Ø³Ø§ Ù‚Ø¯ Ø£Ø®Ø°. Ø³Ù„ÙŠÙ…Ø§Ù†ØŒ Ø¥ØªÙØ§Ù‚ÙŠØ© Ø¨ÙŠÙ† Ù…Ø§, ÙŠØ°ÙƒØ± Ø§Ù„Ø­Ø¯ÙˆØ¯ Ø£ÙŠ Ø¨Ø¹Ø¯, Ù…Ø¹Ø§Ù…Ù„Ø© Ø¨ÙˆÙ„Ù†Ø¯Ø§ØŒ Ø§Ù„Ø¥Ø·Ù„Ø§Ù‚ Ø¹Ù„ Ø¥ÙŠÙˆ."
669,Maxwell,Szantho,mszanthoik@barnesandnoble.com,Male,,á 
670,Iver,Frostdicke,ifrostdickeil@acquirethisname.com,Agender,,'
671,Tiffani,Glewe,tgleweim@gmpg.org,Bigender,,() { 0; }; touch /tmp/blns.shellshock1.fail;
672,Fernande,Wickrath,fwickrathin@liveinternet.ru,Genderqueer,652849,""""""
673,Milena,Pepper,mpepperio@gmpg.org,Female,4515-093,NULL
674,Adena,Penas,apenasip@miitbeian.gov.cn,Female,40001,() { _; } >_[$($())] { touch /tmp/blns.shellshock2.fail; }
675,Mattias,O'Kielt,mokieltiq@engadget.com,Male,,â¢
676,Waverly,Feacham,wfeachamir@imageshack.us,Genderfluid,,×”Ö¸×™Ö°×ªÖ¸×”testØ§Ù„ØµÙØ­Ø§Øª Ø§Ù„ØªÙ‘Ø­ÙˆÙ„
677,Jack,Domnick,jdomnickis@sfgate.com,Polygender,,(ï¾‰à²¥ç›Šà²¥ï¼‰ï¾‰ï»¿ â”»â”â”»
678,Robenia,Freezer,rfreezerit@163.com,Bigender,17004,NULL
679,Maribelle,Snare,msnareiu@guardian.co.uk,Female,353508,ï½€ï½¨(Â´âˆ€ï½€âˆ©
680,Hermione,Fagan,hfaganiv@tripod.com,Female,,ğŸ‘©ğŸ½
681,Pandora,Berriman,pberrimaniw@studiopress.com,Genderqueer,,â¤ï¸ ğŸ’” ğŸ’Œ ğŸ’• ğŸ’ ğŸ’“ ğŸ’— ğŸ’– ğŸ’˜ ğŸ’ ğŸ’Ÿ ğŸ’œ ğŸ’› ğŸ’š ğŸ’™
682,Millicent,Jouanot,mjouanotix@economist.com,Agender,,Å“âˆ‘Â´Â®â€ Â¥Â¨Ë†Ã¸Ï€â€œâ€˜
683,Hephzibah,Vernay,hvernayiy@hatena.ne.jp,Genderfluid,26-806,1;DROP TABLE users
684,Felicle,Saket,fsaketiz@themeforest.net,Agender,46857,áš€
685,Ciel,Biesinger,cbiesingerj0@loc.gov,Female,4334,×”Ö¸×™Ö°×ªÖ¸×”testØ§Ù„ØµÙØ­Ø§Øª Ø§Ù„ØªÙ‘Ø­ÙˆÙ„
686,Chadwick,Earsman,cearsmanj1@weebly.com,Male,439 24,Ì¡Í“Í…ÌIÍÌ—Ì˜Ì¦nÍ‡Í‡Í™vÌ®Ì«okÌ²Ì«Ì™ÍˆiÌ–Í™Ì­Ì¹Ì ÌnÌ¡Ì»Ì®Ì£ÌºgÌ²ÍˆÍ™Ì­Í™Ì¬Í Ì°tÍ”Ì¦hÌÌ²eÌ¢Ì¤ ÍÌ¬Ì²Í–fÌ´Ì˜Í•Ì£eÍ€Í–eÌ£Ì¥Ì©lÍ–Í”ÍšiÍ Í“ÍšÌ¦nÍ–ÍÌ—Í“Ì³Ì®gÍ Ì¨oÍ¡ÍšÌªfÌ˜Ì£Ì¬ Ì–Ì˜Í–ÌŸÍ™Ì®cÒ‰Í”Ì«Í–Í“Í‡Í–Í…hÌµÌ¤Ì£ÍšÍ”aÍÌ—Ì¼Í…Í•oÌ¼Ì£Ì¥sÍ¢Ì±ÍˆÌºÌ–Ì¦Ì».Ì›Ì–ÌÌ Ì«Ì°
687,Tracie,Lyddiatt,tlyddiattj2@amazon.com,Agender,96-304,NULL
688,Victoria,Crowthe,vcrowthej3@ucla.edu,Non-binary,52828,â°â´âµâ‚€â‚â‚‚
689,Roland,Golde,rgoldej4@smh.com.au,Polygender,,ï½€ï½¨(Â´âˆ€ï½€âˆ©
690,Phylis,Rusk,pruskj5@xrea.com,Agender,,-100
691,Fern,D'Arrigo,fdarrigoj6@paginegialle.it,Non-binary,,ğŸš¾ ğŸ†’ ğŸ†“ ğŸ†• ğŸ†– ğŸ†— ğŸ†™ ğŸ§
692,Katy,Rossoni,krossonij7@ifeng.com,Male,2727,×”Ö¸×™Ö°×ªÖ¸×”testØ§Ù„ØµÙØ­Ø§Øª Ø§Ù„ØªÙ‘Ø­ÙˆÙ„
693,Bobbette,Tomini,btominij8@reddit.com,Agender,,"<>?:""{}|_+"
694,Sabra,Lipsett,slipsettj9@dedecms.com,Genderqueer,,â°â´âµâ‚€â‚â‚‚
695,Lynnet,Cool,lcoolja@wix.com,Genderfluid,2212,Å“âˆ‘Â´Â®â€ Â¥Â¨Ë†Ã¸Ï€â€œâ€˜
696,Ritchie,Hexam,rhexamjb@w3.org,Genderqueer,,â£
697,Mona,Margarson,mmargarsonjc@purevolume.com,Bigender,8420,ãƒ½à¼¼àºˆÙ„Íœàºˆà¼½ï¾‰ ãƒ½à¼¼àºˆÙ„Íœàºˆà¼½ï¾‰ 
698,Errol,Matisoff,ematisoffjd@posterous.com,Genderqueer,TF6,ğŸ‘¾ ğŸ™‡ ğŸ’ ğŸ™… ğŸ™† ğŸ™‹ ğŸ™ ğŸ™ 
699,Jermaine,Ivers,jiversje@bing.com,Polygender,36-207,â£
700,Robby,Yetman,ryetmanjf@wiley.com,Male,21485,<svg><script>0<1>alert('XSS')</script>
701,Merle,Hutchins,mhutchinsjg@jalbum.net,Agender,2480-301,ãƒ»(ï¿£âˆ€ï¿£)ãƒ»:*:
702,Dora,Vardy,dvardyjh@1688.com,Genderfluid,,â‚€â‚â‚‚
703,Elfreda,Redmain,eredmainji@altervista.org,Bigender,,<script>alert('hi')</script>
704,Berni,O'Doireidh,bodoireidhjj@amazon.co.jp,Genderfluid,,ï»¿
705,Tiffani,Petrushanko,tpetrushankojk@gnu.org,Bigender,4508,!@#$%^&*()
706,Hasheem,Praton,hpratonjl@symantec.com,Genderqueer,34260,1;DROP TABLE users
707,Marquita,De Zamudio,mdezamudiojm@blinklist.com,Bigender,2510,
708,Mordy,Gebby,mgebbyjn@dropbox.com,Non-binary,,1/2
709,Cesar,Silverlock,csilverlockjo@hhs.gov,Polygender,,Ì¦HÍÌ¬Ì¤Ì—Ì¤eÍœ ÍÌœÌ¥ÌÌ»ÍÌŸwÌ•hÌ–Ì¯Í“oÌÍ™Ì–ÍÌ±Ì® Ò‰ÌºÌ™ÌÌŸÍˆWÌ·Ì¼Ì­aÌºÌªÍiÌ¨ÍˆÍ•Ì­Í™Ì¯ÌœtÌ¶Ì¼Ì®sÌ•Ì˜Í™Í– Ì Ì«Ì BÌ»ÍÍ…Í™Í‰Ì³eÌµhÌµÌ¬Í‡Ì«Í™iÌ•Ì¹Í“Ì³Ì³Ì®ÍÌ«nÍŸdÌ´ÌªÌœÌ– ÍÌ°Í‰Ì©Í…Í‡Í™Ì²TÍ¢Í–Ì¼Í“ÌªhÍÍ“Ì®Ì»eÌ¬ÌÍ…ÌŸ Ì¤Ì¹ÌWÍÍ…Í™ÌÌÍ”Í‡aÍÍ“Í”Ì¹Ì¼Ì£lÌ´Í”Ì°Ì¤ÌŸÍ”lÌ­Ì«.Í•
710,Camile,Churchill,cchurchilljp@hugedomains.com,Polygender,6008,NULL
711,Erena,Haug,ehaugjq@wikipedia.org,Non-binary,,1
712,Maighdiln,Peniello,mpeniellojr@cargocollective.com,Bigender,,!@#$%^&*()
713,Sherilyn,Standall,sstandalljs@ibm.com,Polygender,162139,Ë™Énbá´‰lÉ ÉuÆƒÉÉ¯ ÇÉ¹olop Ê‡Ç ÇÉ¹oqÉl Ê‡n Ê‡unpá´‰pá´‰É”uá´‰ É¹odÉ¯ÇÊ‡ poÉ¯sná´‰Ç op pÇs 'Ê‡á´‰lÇ Æƒuá´‰É”sá´‰dá´‰pÉ É¹nÊ‡ÇÊ‡É”ÇsuoÉ” 'Ê‡ÇÉ¯É Ê‡á´‰s É¹olop É¯nsdá´‰ É¯ÇÉ¹oË¥
714,Elana,Doige,edoigejt@umich.edu,Bigender,,å’Œè£½æ¼¢èª
715,Maxie,Szymaniak,mszymaniakju@pagesperso-orange.fr,Non-binary,,00Ë™Æ–$-
716,Amandi,Epine,aepinejv@prnewswire.com,Bigender,,(ï½¡â—• âˆ€ â—•ï½¡)
717,Ilyse,McGurn,imcgurnjw@t-online.de,Agender,42809 CEDEX,â°â´âµâ‚€â‚â‚‚
718,Mickey,Coffelt,mcoffeltjx@sciencedaily.com,Agender,,0ï¸âƒ£ 1ï¸âƒ£ 2ï¸âƒ£ 3ï¸âƒ£ 4ï¸âƒ£ 5ï¸âƒ£ 6ï¸âƒ£ 7ï¸âƒ£ 8ï¸âƒ£ 9ï¸âƒ£ ğŸ”Ÿ
719,Keven,Dreghorn,kdreghornjy@prnewswire.com,Male,,ğŸ˜
720,Portie,Donson,pdonsonjz@google.com.br,Genderqueer,93742,!@#$%^&*()
721,Edvard,Parkes,eparkesk0@wufoo.com,Bigender,62-060,ç¤¾æœƒç§‘å­¸é™¢èªå­¸ç ”ç©¶æ‰€
722,Guy,Nuzzetti,gnuzzettik1@instagram.com,Genderqueer,,ğŸµ ğŸ™ˆ ğŸ™‰ ğŸ™Š
723,Angelo,Soldner,asoldnerk2@hc360.com,Genderqueer,75600-000,ZÌ®ÌÍ…Ì Í™Í”AÌ¥Ì—ÌÍˆÌ»Ì—LÌ£Í™ÍÌ¯Ì¹ÌÍ“GÌ»OÌ­Ì—Ì®
724,Wandie,Record,wrecordk3@dagondesign.com,Genderqueer,7416,testâ testâ€«
725,Major,Zellmer,mzellmerk4@ihg.com,Female,23663,"""''''""'"""
726,Antone,Danby,adanbyk5@google.de,Genderqueer,4950-840,1'; DROP TABLE users--
727,Pauli,Kinnach,pkinnachk6@fda.gov,Genderqueer,8011,(ï½¡â—• âˆ€ â—•ï½¡)
728,Karmen,Ephson,kephsonk7@symantec.com,Female,5317,`â„â‚¬â€¹â€ºï¬ï¬‚â€¡Â°Â·â€šâ€”Â±
729,Cordell,Caseri,ccaserik8@w3.org,Non-binary,,á 
730,Antonietta,Brugemann,abrugemannk9@opera.com,Bigender,303622,Å“âˆ‘Â´Â®â€ Â¥Â¨Ë†Ã¸Ï€â€œâ€˜
731,Horten,Crabtree,hcrabtreeka@topsy.com,Male,8717,Â¸Ë›Ã‡â—ŠÄ±ËœÃ‚Â¯Ë˜Â¿
732,Fancy,Wellsman,fwellsmankb@nyu.edu,Genderfluid,,Ù¡Ù¢Ù£
733,Bevan,Paulo,bpaulokc@github.io,Polygender,2515,Â¡â„¢Â£Â¢âˆÂ§Â¶â€¢ÂªÂºâ€“â‰ 
734,Zilvia,Frowen,zfrowenkd@zimbio.com,Agender,,Ì¦HÍÌ¬Ì¤Ì—Ì¤eÍœ ÍÌœÌ¥ÌÌ»ÍÌŸwÌ•hÌ–Ì¯Í“oÌÍ™Ì–ÍÌ±Ì® Ò‰ÌºÌ™ÌÌŸÍˆWÌ·Ì¼Ì­aÌºÌªÍiÌ¨ÍˆÍ•Ì­Í™Ì¯ÌœtÌ¶Ì¼Ì®sÌ•Ì˜Í™Í– Ì Ì«Ì BÌ»ÍÍ…Í™Í‰Ì³eÌµhÌµÌ¬Í‡Ì«Í™iÌ•Ì¹Í“Ì³Ì³Ì®ÍÌ«nÍŸdÌ´ÌªÌœÌ– ÍÌ°Í‰Ì©Í…Í‡Í™Ì²TÍ¢Í–Ì¼Í“ÌªhÍÍ“Ì®Ì»eÌ¬ÌÍ…ÌŸ Ì¤Ì¹ÌWÍÍ…Í™ÌÌÍ”Í‡aÍÍ“Í”Ì¹Ì¼Ì£lÌ´Í”Ì°Ì¤ÌŸÍ”lÌ­Ì«.Í•
735,Brigitta,Folger,bfolgerke@disqus.com,Polygender,1049,â¡
736,Aeriel,Stodart,astodartkf@forbes.com,Male,676135,â°â´âµ
737,Dwight,Crayden,dcraydenkg@smh.com.au,Polygender,,Ã¥ÃŸâˆ‚Æ’Â©Ë™âˆ†ËšÂ¬â€¦Ã¦
738,Jannel,Sorby,jsorbykh@pen.io,Genderqueer,,testâ testâ€«
739,Max,Beste,mbesteki@yolasite.com,Female,,1
740,Quinta,Aggs,qaggskj@themeforest.net,Non-binary,,ğŸµ ğŸ™ˆ ğŸ™‰ ğŸ™Š
741,Essy,Swindlehurst,eswindlehurstkk@g.co,Non-binary,1000,"×‘Ö¼Ö°×¨Öµ××©×Ö´×™×ª, ×‘Ö¼Ö¸×¨Ö¸× ×Ö±×œÖ¹×”Ö´×™×, ×Öµ×ª ×”Ö·×©Ö¼×Ö¸×Ö·×™Ö´×, ×•Ö°×Öµ×ª ×”Ö¸×Ö¸×¨Ö¶×¥"
742,Derby,Sherwell,dsherwellkl@slate.com,Genderqueer,,() { 0; }; touch /tmp/blns.shellshock1.fail;
743,Sioux,Gleasane,sgleasanekm@istockphoto.com,Genderfluid,48-340,á 
744,Lisle,Kiltie,lkiltiekn@businesswire.com,Non-binary,,-$1.00
745,Georgeanna,Gerrelt,ggerreltko@privacy.gov.au,Agender,,-1
746,Giorgia,Petz,gpetzkp@topsy.com,Polygender,,1;DROP TABLE users
747,Consalve,Horley,chorleykq@europa.eu,Genderfluid,4809,1
748,Ichabod,Faust,ifaustkr@cam.ac.uk,Non-binary,,-1
749,Quintus,Ruddiforth,qruddiforthks@pbs.org,Genderqueer,,1'; DROP TABLE users--
750,Althea,Gottelier,agottelierkt@photobucket.com,Genderqueer,65790-000,""""
751,Lelah,Finlry,lfinlryku@google.es,Male,,â€«testâ€«
752,Charin,Matzaitis,cmatzaitiskv@mit.edu,Non-binary,10280,1;DROP TABLE users
753,Joana,Cobleigh,jcobleighkw@reverbnation.com,Agender,,â¢
754,Brew,Spykins,bspykinskx@reddit.com,Non-binary,3530,ã€€
755,Seana,Chettle,schettleky@uol.com.br,Bigender,,Ì—ÌºÍ–Ì¹Ì¯Í“TÌ±Ì¤ÍÌ¥Í‡ÍˆhÍÌ²eÍÍ“Ì¼Ì—Ì™Ì¼Ì£Í” Í‡ÌœÌ±Ì Í“ÍÍ…NÍ Í•eÌ—Ì±zÌ˜ÌÌœÌºÍ™pÌ¤ÌºÌ¹ÍÌ¯ÍšeÍœÌ Ì»Ì rÌ¨Ì¤ÍÌºÌ–Í”Ì–Ì–dÍŸÌ ÌŸÌ­Ì¬ÌiÌ¦Í–Ì©Í“Í”Ì¤aÌ Ì—Ì¬Í‰Ì™nÍœÍš Ì»ÌÌ°ÍšÍ…hÌµÍ‰iÌ³ÌvÌ¢Í‡eÍŸÌ­Í-Ò‰Ì­Ì©Ì¼Í”mÌ¤Ì­Ì«iÍ•Í‡ÌÌ¦nÌ—Í™dÌ£ÌŸ ÍÌ¯Ì²Í•oÌ¨ÌŸÌ¯Ì°Ì²Í™Ì»Ìf Í˜ÌªÌ°Ì°Ì—Ì–Ì­Ì˜cÌ¦ÍÌ²ÌÍÌ©Ì™hÌ£ÍšaÍœÌ®ÍÌŸÌ™oÌ›Ì©Ì¹ÍsÌ¤.ÌÌ Ò‰ZÌ¡Ì–ÌœÍ–Ì°Ì£Í‰ÌœaÍ¡Í–Ì°Í™Ì¬lÌ²Ì«Ì³ÍÌ©gÌ¡ÌŸÌ¼Ì±ÍšÌÌ¬Í…oÍœÌ—.ÌŸ
756,Sarette,Nobbs,snobbskz@ed.gov,Genderqueer,,ğ œğ œ±ğ ¹ğ ±“ğ ±¸ğ ²–ğ ³
757,Mace,Houndsom,mhoundsoml0@exblog.jp,Male,,1/0
758,Chandler,Whetnall,cwhetnalll1@hud.gov,Polygender,,áš€
759,Natka,Jaquet,njaquetl2@harvard.edu,Polygender,,Ì¦HÍÌ¬Ì¤Ì—Ì¤eÍœ ÍÌœÌ¥ÌÌ»ÍÌŸwÌ•hÌ–Ì¯Í“oÌÍ™Ì–ÍÌ±Ì® Ò‰ÌºÌ™ÌÌŸÍˆWÌ·Ì¼Ì­aÌºÌªÍiÌ¨ÍˆÍ•Ì­Í™Ì¯ÌœtÌ¶Ì¼Ì®sÌ•Ì˜Í™Í– Ì Ì«Ì BÌ»ÍÍ…Í™Í‰Ì³eÌµhÌµÌ¬Í‡Ì«Í™iÌ•Ì¹Í“Ì³Ì³Ì®ÍÌ«nÍŸdÌ´ÌªÌœÌ– ÍÌ°Í‰Ì©Í…Í‡Í™Ì²TÍ¢Í–Ì¼Í“ÌªhÍÍ“Ì®Ì»eÌ¬ÌÍ…ÌŸ Ì¤Ì¹ÌWÍÍ…Í™ÌÌÍ”Í‡aÍÍ“Í”Ì¹Ì¼Ì£lÌ´Í”Ì°Ì¤ÌŸÍ”lÌ­Ì«.Í•
760,Colby,Bernth,cbernthl3@xing.com,Bigender,,Ì¡Í“Í…ÌIÍÌ—Ì˜Ì¦nÍ‡Í‡Í™vÌ®Ì«okÌ²Ì«Ì™ÍˆiÌ–Í™Ì­Ì¹Ì ÌnÌ¡Ì»Ì®Ì£ÌºgÌ²ÍˆÍ™Ì­Í™Ì¬Í Ì°tÍ”Ì¦hÌÌ²eÌ¢Ì¤ ÍÌ¬Ì²Í–fÌ´Ì˜Í•Ì£eÍ€Í–eÌ£Ì¥Ì©lÍ–Í”ÍšiÍ Í“ÍšÌ¦nÍ–ÍÌ—Í“Ì³Ì®gÍ Ì¨oÍ¡ÍšÌªfÌ˜Ì£Ì¬ Ì–Ì˜Í–ÌŸÍ™Ì®cÒ‰Í”Ì«Í–Í“Í‡Í–Í…hÌµÌ¤Ì£ÍšÍ”aÍÌ—Ì¼Í…Í•oÌ¼Ì£Ì¥sÍ¢Ì±ÍˆÌºÌ–Ì¦Ì».Ì›Ì–ÌÌ Ì«Ì°
761,Simeon,Klimczak,sklimczakl4@biblegateway.com,Non-binary,98-346,â€©testâ€©
762,Morgan,Gridon,mgridonl5@reuters.com,Polygender,,â¤ï¸ ğŸ’” ğŸ’Œ ğŸ’• ğŸ’ ğŸ’“ ğŸ’— ğŸ’– ğŸ’˜ ğŸ’ ğŸ’Ÿ ğŸ’œ ğŸ’› ğŸ’š ğŸ’™
763,Bernarr,Wines,bwinesl6@reuters.com,Agender,,â€«testâ€«
764,Rowan,Ruggiero,rruggierol7@illinois.edu,Female,,Ì¦HÍÌ¬Ì¤Ì—Ì¤eÍœ ÍÌœÌ¥ÌÌ»ÍÌŸwÌ•hÌ–Ì¯Í“oÌÍ™Ì–ÍÌ±Ì® Ò‰ÌºÌ™ÌÌŸÍˆWÌ·Ì¼Ì­aÌºÌªÍiÌ¨ÍˆÍ•Ì­Í™Ì¯ÌœtÌ¶Ì¼Ì®sÌ•Ì˜Í™Í– Ì Ì«Ì BÌ»ÍÍ…Í™Í‰Ì³eÌµhÌµÌ¬Í‡Ì«Í™iÌ•Ì¹Í“Ì³Ì³Ì®ÍÌ«nÍŸdÌ´ÌªÌœÌ– ÍÌ°Í‰Ì©Í…Í‡Í™Ì²TÍ¢Í–Ì¼Í“ÌªhÍÍ“Ì®Ì»eÌ¬ÌÍ…ÌŸ Ì¤Ì¹ÌWÍÍ…Í™ÌÌÍ”Í‡aÍÍ“Í”Ì¹Ì¼Ì£lÌ´Í”Ì°Ì¤ÌŸÍ”lÌ­Ì«.Í•
765,Siouxie,Vern,svernl8@comsenz.com,Polygender,,'
766,Ellwood,Balkwill,ebalkwilll9@seattletimes.com,Polygender,,Ì¡Í“Í…ÌIÍÌ—Ì˜Ì¦nÍ‡Í‡Í™vÌ®Ì«okÌ²Ì«Ì™ÍˆiÌ–Í™Ì­Ì¹Ì ÌnÌ¡Ì»Ì®Ì£ÌºgÌ²ÍˆÍ™Ì­Í™Ì¬Í Ì°tÍ”Ì¦hÌÌ²eÌ¢Ì¤ ÍÌ¬Ì²Í–fÌ´Ì˜Í•Ì£eÍ€Í–eÌ£Ì¥Ì©lÍ–Í”ÍšiÍ Í“ÍšÌ¦nÍ–ÍÌ—Í“Ì³Ì®gÍ Ì¨oÍ¡ÍšÌªfÌ˜Ì£Ì¬ Ì–Ì˜Í–ÌŸÍ™Ì®cÒ‰Í”Ì«Í–Í“Í‡Í–Í…hÌµÌ¤Ì£ÍšÍ”aÍÌ—Ì¼Í…Í•oÌ¼Ì£Ì¥sÍ¢Ì±ÍˆÌºÌ–Ì¦Ì».Ì›Ì–ÌÌ Ì«Ì°
767,Kenyon,Sallenger,ksallengerla@diigo.com,Bigender,75390 CEDEX 08,ì‚¬íšŒê³¼í•™ì› ì–´í•™ì—°êµ¬ì†Œ
768,Nolie,Spofforth,nspofforthlb@census.gov,Non-binary,6720,1'; DROP TABLE users--
769,Isaac,Higbin,ihigbinlc@businessinsider.com,Female,,100
770,Garrik,Newell,gnewellld@google.com.hk,Polygender,4990-540,éƒ¨è½æ ¼
771,Malissia,Redley,mredleyle@earthlink.net,Polygender,42700-000,../../../../../../../../../../../etc/hosts
772,Dell,Widdicombe,dwiddicombelf@4shared.com,Polygender,4315,"__ï¾›(,_,*)"
773,Dierdre,Van Zon,dvanzonlg@google.com.br,Bigender,4690-300,Â¸Ë›Ã‡â—ŠÄ±ËœÃ‚Â¯Ë˜Â¿
774,Kristan,Ashfold,kashfoldlh@instagram.com,Agender,,Å’â€Â´â€°Ë‡ÃÂ¨Ë†Ã˜âˆâ€â€™
775,Annaliese,Janny,ajannyli@cnn.com,Genderfluid,126 31,ï½€ï½¨(Â´âˆ€ï½€âˆ©
776,Cassie,Brookfield,cbrookfieldlj@wikispaces.com,Bigender,,-1
777,Denna,Nottram,dnottramlk@plala.or.jp,Genderqueer,,â°â´âµâ‚€â‚â‚‚
778,Emlynne,Cavell,ecavellll@latimes.com,Polygender,733529,â€‹
779,Devlen,Burgin,dburginlm@bing.com,Genderqueer,69367 CEDEX 07,"'""'"
780,Solly,McDonough,smcdonoughln@yelp.com,Agender,,á 
781,Toinette,Sailor,tsailorlo@census.gov,Bigender,,â€ªâ€ªtestâ€ª
782,Tull,Hickisson,thickissonlp@umich.edu,Polygender,7460-005,ï½€ï½¨(Â´âˆ€ï½€âˆ©
783,Kristina,Smyley,ksmyleylq@princeton.edu,Agender,,$1.00
784,Giacobo,Baynam,gbaynamlr@fastcompany.com,Polygender,8508,-1/2
785,Konstanze,Benettolo,kbenettolols@nymag.com,Genderfluid,8229,-$1.00
786,Kriste,Steenson,ksteensonlt@mapquest.com,Non-binary,16070,×”Ö¸×™Ö°×ªÖ¸×”testØ§Ù„ØµÙØ­Ø§Øª Ø§Ù„ØªÙ‘Ø­ÙˆÙ„
787,Danielle,de Voiels,ddevoielslu@dell.com,Non-binary,3105,ğŸµ ğŸ™ˆ ğŸ™‰ ğŸ™Š
788,Adaline,Reihill,areihilllv@deliciousdays.com,Genderfluid,,Ì¦HÍÌ¬Ì¤Ì—Ì¤eÍœ ÍÌœÌ¥ÌÌ»ÍÌŸwÌ•hÌ–Ì¯Í“oÌÍ™Ì–ÍÌ±Ì® Ò‰ÌºÌ™ÌÌŸÍˆWÌ·Ì¼Ì­aÌºÌªÍiÌ¨ÍˆÍ•Ì­Í™Ì¯ÌœtÌ¶Ì¼Ì®sÌ•Ì˜Í™Í– Ì Ì«Ì BÌ»ÍÍ…Í™Í‰Ì³eÌµhÌµÌ¬Í‡Ì«Í™iÌ•Ì¹Í“Ì³Ì³Ì®ÍÌ«nÍŸdÌ´ÌªÌœÌ– ÍÌ°Í‰Ì©Í…Í‡Í™Ì²TÍ¢Í–Ì¼Í“ÌªhÍÍ“Ì®Ì»eÌ¬ÌÍ…ÌŸ Ì¤Ì¹ÌWÍÍ…Í™ÌÌÍ”Í‡aÍÍ“Í”Ì¹Ì¼Ì£lÌ´Í”Ì°Ì¤ÌŸÍ”lÌ­Ì«.Í•
789,Sofia,Gherardesci,sgherardescilw@independent.co.uk,Agender,32605,Â¸Ë›Ã‡â—ŠÄ±ËœÃ‚Â¯Ë˜Â¿
790,Alysia,Hastie,ahastielx@bbc.co.uk,Genderqueer,,â¢
791,Jeannine,Bilham,jbilhamly@eepurl.com,Polygender,,() { _; } >_[$($())] { touch /tmp/blns.shellshock2.fail; }
792,Tiertza,Soars,tsoarslz@sun.com,Male,59380-000,ç¤¾æœƒç§‘å­¸é™¢èªå­¸ç ”ç©¶æ‰€
793,Roselin,Ashborn,rashbornm0@epa.gov,Female,,/dev/null; touch /tmp/blns.fail ; echo
794,Hyacinthia,Cotgrave,hcotgravem1@nih.gov,Bigender,5002,../../../../../../../../../../../etc/hosts
795,Ty,Cyseley,tcyseleym2@ifeng.com,Polygender,9259,â°â´âµâ‚€â‚â‚‚
796,Case,Gouldie,cgouldiem3@ox.ac.uk,Agender,2364,nil
797,Frannie,Scrase,fscrasem4@un.org,Polygender,,testâ testâ€«
798,Ethelin,Lawtey,elawteym5@hubpages.com,Male,,ğŸš¾ ğŸ†’ ğŸ†“ ğŸ†• ğŸ†– ğŸ†— ğŸ†™ ğŸ§
799,Fenelia,Marzello,fmarzellom6@elpais.com,Polygender,,Â¡â„¢Â£Â¢âˆÂ§Â¶â€¢ÂªÂºâ€“â‰ 
800,Lara,Cund,lcundm7@smugmug.com,Genderqueer,,Î©â‰ˆÃ§âˆšâˆ«ËœÂµâ‰¤â‰¥Ã·
801,Jane,Olin,jolinm8@jigsy.com,Polygender,940028,â£
802,Shepperd,Zorzi,szorzim9@xrea.com,Bigender,P17,Ù¡Ù¢Ù£
803,Frederic,Geaney,fgeaneyma@merriam-webster.com,Genderqueer,,á 
804,Berti,Laytham,blaythammb@t-online.de,Non-binary,,0
805,Germain,Euesden,geuesdenmc@census.gov,Female,,1/0
806,Durand,Lifsey,dlifseymd@de.vu,Female,78732,â¤ï¸ ğŸ’” ğŸ’Œ ğŸ’• ğŸ’ ğŸ’“ ğŸ’— ğŸ’– ğŸ’˜ ğŸ’ ğŸ’Ÿ ğŸ’œ ğŸ’› ğŸ’š ğŸ’™
807,Jennifer,Heyburn,jheyburnme@gmpg.org,Agender,,ZÌ®ÌÍ…Ì Í™Í”AÌ¥Ì—ÌÍˆÌ»Ì—LÌ£Í™ÍÌ¯Ì¹ÌÍ“GÌ»OÌ­Ì—Ì®
808,Constantine,Plitz,cplitzmf@dailymail.co.uk,Polygender,77453 CEDEX 2,"""'""'""''''"""
809,Ferrel,Blancowe,fblancowemg@paypal.com,Bigender,20136,NIL
810,Harold,Abramowitch,habramowitchmh@technorati.com,Agender,12440,ç¤¾æœƒç§‘å­¸é™¢èªå­¸ç ”ç©¶æ‰€
811,Granville,Linge,glingemi@yale.edu,Female,,ğŸµ ğŸ™ˆ ğŸ™‰ ğŸ™Š
812,Gussie,Sanford,gsanfordmj@devhub.com,Genderfluid,27022 CEDEX,-100
813,Lib,Phillipps,lphillippsmk@list-manage.com,Non-binary,,() { _; } >_[$($())] { touch /tmp/blns.shellshock2.fail; }
814,Currey,Saffer,csafferml@earthlink.net,Male,366303,â°â´âµâ‚€â‚â‚‚
815,Fin,Hainning,fhainningmm@qq.com,Polygender,,áš€
816,Florie,Totterdell,ftotterdellmn@exblog.jp,Agender,,0/0
817,Tiena,Soughton,tsoughtonmo@cam.ac.uk,Genderfluid,85743,1;DROP TABLE users
818,Iorgos,Dacks,idacksmp@huffingtonpost.com,Female,,ğŸ˜
819,Glynda,Clemmensen,gclemmensenmq@pinterest.com,Female,46-203,ğŸ˜
820,Payton,Gariff,pgariffmr@1688.com,Female,,ç¤¾æœƒç§‘å­¸é™¢èªå­¸ç ”ç©¶æ‰€
821,Teador,Palfreman,tpalfremanms@w3.org,Genderqueer,,ZÌ®ÌÍ…Ì Í™Í”AÌ¥Ì—ÌÍˆÌ»Ì—LÌ£Í™ÍÌ¯Ì¹ÌÍ“GÌ»OÌ­Ì—Ì®
822,Franni,Guerry,fguerrymt@google.com.br,Genderfluid,,ìš¸ë€ë°”í† ë¥´
823,Ewell,Mendoza,emendozamu@epa.gov,Bigender,,â€‹
824,Caye,Dovidian,cdovidianmv@imdb.com,Female,,-$1.00
825,Nap,Stinchcombe,nstinchcombemw@wordpress.com,Non-binary,141662,
826,Egan,Minet,eminetmx@goo.ne.jp,Genderqueer,,Ì¡Í“Í…ÌIÍÌ—Ì˜Ì¦nÍ‡Í‡Í™vÌ®Ì«okÌ²Ì«Ì™ÍˆiÌ–Í™Ì­Ì¹Ì ÌnÌ¡Ì»Ì®Ì£ÌºgÌ²ÍˆÍ™Ì­Í™Ì¬Í Ì°tÍ”Ì¦hÌÌ²eÌ¢Ì¤ ÍÌ¬Ì²Í–fÌ´Ì˜Í•Ì£eÍ€Í–eÌ£Ì¥Ì©lÍ–Í”ÍšiÍ Í“ÍšÌ¦nÍ–ÍÌ—Í“Ì³Ì®gÍ Ì¨oÍ¡ÍšÌªfÌ˜Ì£Ì¬ Ì–Ì˜Í–ÌŸÍ™Ì®cÒ‰Í”Ì«Í–Í“Í‡Í–Í…hÌµÌ¤Ì£ÍšÍ”aÍÌ—Ì¼Í…Í•oÌ¼Ì£Ì¥sÍ¢Ì±ÍˆÌºÌ–Ì¦Ì».Ì›Ì–ÌÌ Ì«Ì°
827,Mercedes,Braiden,mbraidenmy@gizmodo.com,Bigender,,ğŸ˜
828,Coop,Champain,cchampainmz@networksolutions.com,Male,4630-526,0
829,Martainn,Wason,mwasonn0@chicagotribune.com,Non-binary,4508,0/0
830,Angeli,Chominski,achominskin1@bigcartel.com,Agender,876,nil
831,Fernandina,Gleadhall,fgleadhalln2@buzzfeed.com,Agender,,Î©â‰ˆÃ§âˆšâˆ«ËœÂµâ‰¤â‰¥Ã·
832,Cesaro,Sorley,csorleyn3@china.com.cn,Non-binary,,Å’â€Â´â€°Ë‡ÃÂ¨Ë†Ã˜âˆâ€â€™
833,Rianon,Duckworth,rduckworthn4@weather.com,Female,190018,$1.00
834,Demetra,Stonebridge,dstonebridgen5@icio.us,Polygender,,Ã…ÃÃÃËÃ“Ã”ï£¿Ã’ÃšÃ†â˜ƒ
835,Meredithe,Lagden,mlagdenn6@vistaprint.com,Genderqueer,58310-000,â¤ï¸ ğŸ’” ğŸ’Œ ğŸ’• ğŸ’ ğŸ’“ ğŸ’— ğŸ’– ğŸ’˜ ğŸ’ ğŸ’Ÿ ğŸ’œ ğŸ’› ğŸ’š ğŸ’™
836,Jordon,Klagges,jklaggesn7@dailymotion.com,Non-binary,,ã€€
837,Shadow,Posthill,sposthilln8@drupal.org,Polygender,,1/2
838,Serene,Peach,speachn9@geocities.com,Female,,Ã¥ÃŸâˆ‚Æ’Â©Ë™âˆ†ËšÂ¬â€¦Ã¦
839,Stillmann,Sich,ssichna@hud.gov,Genderqueer,83300,ğŸ‘¾ ğŸ™‡ ğŸ’ ğŸ™… ğŸ™† ğŸ™‹ ğŸ™ ğŸ™ 
840,Brandon,Scorey,bscoreynb@constantcontact.com,Genderqueer,10607,â‚€â‚â‚‚
841,Chelsey,Joannet,cjoannetnc@tmall.com,Genderqueer,396180,Ù¡Ù¢Ù£
842,Lolita,Norcock,lnorcocknd@ebay.com,Polygender,,0/0
843,Dacey,Havard,dhavardne@moonfruit.com,Genderqueer,,â¦testâ§
844,Malena,Samarth,msamarthnf@auda.org.au,Bigender,,NIL
845,Garnet,Joris,gjorisng@nationalgeographic.com,Non-binary,76600-000,Ù¡Ù¢Ù£
846,Leopold,Blagburn,lblagburnnh@blogspot.com,Bigender,,ğŸµ ğŸ™ˆ ğŸ™‰ ğŸ™Š
847,Flo,Scoffins,fscoffinsni@umich.edu,Agender,690 02,"""''''""'"""
848,Chic,Beach,cbeachnj@google.com.hk,Non-binary,396647,() { _; } >_[$($())] { touch /tmp/blns.shellshock2.fail; }
849,Emmerich,Parish,eparishnk@mail.ru,Bigender,,"""'""'""''''"""
850,Onofredo,Chidler,ochidlernl@com.com,Non-binary,5206,1;DROP TABLE users
851,Brandise,Bernier,bberniernm@myspace.com,Male,,../../../../../../../../../../../etc/hosts
852,Artus,Legon,alegonnn@mediafire.com,Female,1230,NIL
853,Enrichetta,Battye,ebattyeno@alibaba.com,Agender,,Å“âˆ‘Â´Â®â€ Â¥Â¨Ë†Ã¸Ï€â€œâ€˜
854,Paten,Keirle,pkeirlenp@booking.com,Genderqueer,,×”Ö¸×™Ö°×ªÖ¸×”testØ§Ù„ØµÙØ­Ø§Øª Ø§Ù„ØªÙ‘Ø­ÙˆÙ„
855,Franciskus,Chomicz,fchomicznq@mapy.cz,Genderfluid,58280-000,ğŸ˜
856,Flore,Causley,fcausleynr@squidoo.com,Non-binary,,Ì¡Í“Í…ÌIÍÌ—Ì˜Ì¦nÍ‡Í‡Í™vÌ®Ì«okÌ²Ì«Ì™ÍˆiÌ–Í™Ì­Ì¹Ì ÌnÌ¡Ì»Ì®Ì£ÌºgÌ²ÍˆÍ™Ì­Í™Ì¬Í Ì°tÍ”Ì¦hÌÌ²eÌ¢Ì¤ ÍÌ¬Ì²Í–fÌ´Ì˜Í•Ì£eÍ€Í–eÌ£Ì¥Ì©lÍ–Í”ÍšiÍ Í“ÍšÌ¦nÍ–ÍÌ—Í“Ì³Ì®gÍ Ì¨oÍ¡ÍšÌªfÌ˜Ì£Ì¬ Ì–Ì˜Í–ÌŸÍ™Ì®cÒ‰Í”Ì«Í–Í“Í‡Í–Í…hÌµÌ¤Ì£ÍšÍ”aÍÌ—Ì¼Í…Í•oÌ¼Ì£Ì¥sÍ¢Ì±ÍˆÌºÌ–Ì¦Ì».Ì›Ì–ÌÌ Ì«Ì°
857,Angeli,Elletson,aelletsonns@google.it,Non-binary,,/dev/null; touch /tmp/blns.fail ; echo
858,Nonnah,Fellona,nfellonant@edublogs.org,Male,353530,âœ‹ğŸ¿ ğŸ’ªğŸ¿ ğŸ‘ğŸ¿ ğŸ™ŒğŸ¿ ğŸ‘ğŸ¿ ğŸ™ğŸ¿
859,Margaux,Alderwick,malderwicknu@tinypic.com,Agender,563 32,null
860,Stevie,Mattussevich,smattussevichnv@blinklist.com,Male,277 51,â‚€â‚â‚‚
861,Vivi,Kennally,vkennallynw@cbsnews.com,Female,,ğ œğ œ±ğ ¹ğ ±“ğ ±¸ğ ²–ğ ³
862,Viki,Buggy,vbuggynx@hhs.gov,Polygender,,NULL
863,Sascha,Guyonneau,sguyonneauny@blogger.com,Bigender,,"<>?:""{}|_+"
864,Xerxes,Twiggs,xtwiggsnz@slashdot.org,Genderqueer,98400-000,ğ œğ œ±ğ ¹ğ ±“ğ ±¸ğ ²–ğ ³
865,Katinka,Hurton,khurtono0@taobao.com,Genderqueer,1104,(â•¯Â°â–¡Â°ï¼‰â•¯ï¸µ â”»â”â”»)  
866,Caitlin,Caldeyroux,ccaldeyrouxo1@va.gov,Agender,,0
867,Larine,Wiffen,lwiffeno2@barnesandnoble.com,Bigender,,Ì¦HÍÌ¬Ì¤Ì—Ì¤eÍœ ÍÌœÌ¥ÌÌ»ÍÌŸwÌ•hÌ–Ì¯Í“oÌÍ™Ì–ÍÌ±Ì® Ò‰ÌºÌ™ÌÌŸÍˆWÌ·Ì¼Ì­aÌºÌªÍiÌ¨ÍˆÍ•Ì­Í™Ì¯ÌœtÌ¶Ì¼Ì®sÌ•Ì˜Í™Í– Ì Ì«Ì BÌ»ÍÍ…Í™Í‰Ì³eÌµhÌµÌ¬Í‡Ì«Í™iÌ•Ì¹Í“Ì³Ì³Ì®ÍÌ«nÍŸdÌ´ÌªÌœÌ– ÍÌ°Í‰Ì©Í…Í‡Í™Ì²TÍ¢Í–Ì¼Í“ÌªhÍÍ“Ì®Ì»eÌ¬ÌÍ…ÌŸ Ì¤Ì¹ÌWÍÍ…Í™ÌÌÍ”Í‡aÍÍ“Í”Ì¹Ì¼Ì£lÌ´Í”Ì°Ì¤ÌŸÍ”lÌ­Ì«.Í•
868,Tatum,Breadon,tbreadono3@acquirethisname.com,Male,,TÌ•Ì­ÌºÌºoÍ Ì·iÌ²Ì¬Í‡ÌªÍ™nÌÌ—Í•vÍŸÌŸÌœÌ˜Ì¦oÌ¶Ì™Ì°Ì keÍ€ÍšÌ®ÌºÌªÌ¹Ì±Ì¤ Ì–tÍÌÍ•Ì³Ì£Ì»ÌªhÌ¼Í“Ì²Ì¦Ì³Ì˜Ì²eÍ‡Ì£Ì°Ì¦Ì¬Í Ì¢Ì¼Ì»Ì±Ì˜hÍ…ÍšÍÍ™ÌœÌ£Ì²iÌ¦Ì²Ì£Ì°Ì¤vÌ»ÍeÌºÌ­Ì³ÌªÌ°-mÌ¢iÍ…nÌ–ÌºÌÌ²Ì¯Ì°dÌµÌ¼ÌŸÍ™Ì©Ì¼Ì˜Ì³ ÌÌ¥Ì±Ì³Ì­rÌ›Ì—Ì˜eÍ™pÍ rÌ¼ÌÌ»Ì­Ì—eÍŸÌºÌ Ì£sÌ˜Í‡Ì³ÍÌÍ‰eÍœÍ‰Ì¥Ì¯ÌÌ²ÍšÌ¬nÍ€Ì¬ÍÍÌŸÌ–Í‡Ì¤tÍ˜ÍÌ¬Í…Ì¤Í“Ì¼Ì­iÌªÌ±nÍ gÌ´Í‰ ÍÍ‰Í…cÌ¬ÌŸhÍ¡aÍ˜Ì«Ì»Ì¯oÌ«ÌŸÌ–ÍÌ™ÌÍ‰sÌ—Ì¦Ì².Ì¨Ì¹ÍˆÌ£
869,Virginia,Dongate,vdongateo4@google.co.uk,Non-binary,65213-000,-1/2
870,Susy,Calton,scaltono5@lulu.com,Agender,,å’Œè£½æ¼¢èª
871,Borden,Ahern,baherno6@businesswire.com,Polygender,36352,0/0
872,Hailee,Boodell,hboodello7@nyu.edu,Female,999-8521,Ã¥ÃŸâˆ‚Æ’Â©Ë™âˆ†ËšÂ¬â€¦Ã¦
873,Merline,Yarmouth,myarmoutho8@eepurl.com,Genderfluid,58-588,0ï¸âƒ£ 1ï¸âƒ£ 2ï¸âƒ£ 3ï¸âƒ£ 4ï¸âƒ£ 5ï¸âƒ£ 6ï¸âƒ£ 7ï¸âƒ£ 8ï¸âƒ£ 9ï¸âƒ£ ğŸ”Ÿ
874,Peri,Kensall,pkensallo9@ft.com,Female,23206,'
875,Northrop,Mingo,nmingooa@alexa.com,Genderqueer,,$1.00
876,Brandtr,Rossi,brossiob@creativecommons.org,Agender,,""""""
877,Farrel,Taffe,ftaffeoc@chicagotribune.com,Agender,,ï¾Ÿï½¥âœ¿ãƒ¾â•²(ï½¡â—•â€¿â—•ï½¡)â•±âœ¿ï½¥ï¾Ÿ
878,Mitzi,Vezey,mvezeyod@fema.gov,Female,,â‚€â‚â‚‚
879,Gallagher,Artois,gartoisoe@qq.com,Agender,,ğŸ‘©ğŸ½
880,Pepe,Nineham,pninehamof@studiopress.com,Genderfluid,,ï»¿
881,Lynea,Boarleyson,lboarleysonog@google.ru,Non-binary,8316,(ï¾‰à²¥ç›Šà²¥ï¼‰ï¾‰ï»¿ â”»â”â”»
882,Susann,Maraga,smaragaoh@newyorker.com,Genderfluid,2137,"__ï¾›(,_,*)"
883,Adriano,Waddoups,awaddoupsoi@de.vu,Genderqueer,,â‚€â‚â‚‚
884,Gilbertine,Hause,ghauseoj@cbc.ca,Bigender,,(ï¾‰à²¥ç›Šà²¥ï¼‰ï¾‰ï»¿ â”»â”â”»
885,Drake,Skpsey,dskpseyok@squidoo.com,Bigender,8513,-100
886,Tori,Feechan,tfeechanol@opera.com,Bigender,182514,ğŸ˜
887,Hadria,McIlveen,hmcilveenom@disqus.com,Polygender,,'
888,Rhetta,Kingsnod,rkingsnodon@columbia.edu,Male,,"×‘Ö¼Ö°×¨Öµ××©×Ö´×™×ª, ×‘Ö¼Ö¸×¨Ö¸× ×Ö±×œÖ¹×”Ö´×™×, ×Öµ×ª ×”Ö·×©Ö¼×Ö¸×Ö·×™Ö´×, ×•Ö°×Öµ×ª ×”Ö¸×Ö¸×¨Ö¶×¥"
889,Tammara,Najara,tnajaraoo@bbc.co.uk,Genderqueer,788 32,ğŸµ ğŸ™ˆ ğŸ™‰ ğŸ™Š
890,Olivero,Pinck,opinckop@blog.com,Bigender,93294,Å’â€Â´â€°Ë‡ÃÂ¨Ë†Ã˜âˆâ€â€™
891,Kassandra,Trethowan,ktrethowanoq@51.la,Non-binary,,1E+096
892,Pammy,Klousner,pklousneror@dion.ne.jp,Male,,ç¤¾æœƒç§‘å­¸é™¢èªå­¸ç ”ç©¶æ‰€
893,Loydie,Dubbin,ldubbinos@opera.com,Genderqueer,,á 
894,Ed,Pococke,epocockeot@cmu.edu,Genderfluid,23970-000,`â„â‚¬â€¹â€ºï¬ï¬‚â€¡Â°Â·â€šâ€”Â±
895,Evvy,Gert,egertou@si.edu,Genderfluid,6151,ZÌ®ÌÍ…Ì Í™Í”AÌ¥Ì—ÌÍˆÌ»Ì—LÌ£Í™ÍÌ¯Ì¹ÌÍ“GÌ»OÌ­Ì—Ì®
896,Charmian,McKeating,cmckeatingov@networkadvertising.org,Polygender,718-0011,ç¤¾æœƒç§‘å­¸é™¢èªå­¸ç ”ç©¶æ‰€
897,Rollins,Clutterbuck,rclutterbuckow@google.com.hk,Female,,-1
898,Rica,Longcaster,rlongcasterox@hexun.com,Genderqueer,,''
899,Free,Drakard,fdrakardoy@parallels.com,Female,50981,ï¼‘ï¼’ï¼“
900,Evelyn,Genty,egentyoz@engadget.com,Genderfluid,55014,-100
901,Prissie,Leavy,pleavyp0@bing.com,Male,,Ì—ÌºÍ–Ì¹Ì¯Í“TÌ±Ì¤ÍÌ¥Í‡ÍˆhÍÌ²eÍÍ“Ì¼Ì—Ì™Ì¼Ì£Í” Í‡ÌœÌ±Ì Í“ÍÍ…NÍ Í•eÌ—Ì±zÌ˜ÌÌœÌºÍ™pÌ¤ÌºÌ¹ÍÌ¯ÍšeÍœÌ Ì»Ì rÌ¨Ì¤ÍÌºÌ–Í”Ì–Ì–dÍŸÌ ÌŸÌ­Ì¬ÌiÌ¦Í–Ì©Í“Í”Ì¤aÌ Ì—Ì¬Í‰Ì™nÍœÍš Ì»ÌÌ°ÍšÍ…hÌµÍ‰iÌ³ÌvÌ¢Í‡eÍŸÌ­Í-Ò‰Ì­Ì©Ì¼Í”mÌ¤Ì­Ì«iÍ•Í‡ÌÌ¦nÌ—Í™dÌ£ÌŸ ÍÌ¯Ì²Í•oÌ¨ÌŸÌ¯Ì°Ì²Í™Ì»Ìf Í˜ÌªÌ°Ì°Ì—Ì–Ì­Ì˜cÌ¦ÍÌ²ÌÍÌ©Ì™hÌ£ÍšaÍœÌ®ÍÌŸÌ™oÌ›Ì©Ì¹ÍsÌ¤.ÌÌ Ò‰ZÌ¡Ì–ÌœÍ–Ì°Ì£Í‰ÌœaÍ¡Í–Ì°Í™Ì¬lÌ²Ì«Ì³ÍÌ©gÌ¡ÌŸÌ¼Ì±ÍšÌÌ¬Í…oÍœÌ—.ÌŸ
902,Kayle,Felton,kfeltonp1@japanpost.jp,Bigender,,"""'""'""''''"""
903,Carlin,Lerohan,clerohanp2@live.com,Genderqueer,357815,(ï¾‰à²¥ç›Šà²¥ï¼‰ï¾‰ï»¿ â”»â”â”»
904,Lu,Urquhart,lurquhartp3@hp.com,Genderfluid,442050,",ã€‚ãƒ»:*:ãƒ»ã‚œâ€™( â˜» Ï‰ â˜» )ã€‚ãƒ»:*:ãƒ»ã‚œâ€™"
905,Eba,Sumshon,esumshonp4@paginegialle.it,Male,,'
906,Cinderella,La Grange,clagrangep5@xrea.com,Bigender,E4P,Ã…ÃÃÃËÃ“Ã”ï£¿Ã’ÃšÃ†â˜ƒ
907,Aurea,Hadley,ahadleyp6@businesswire.com,Genderfluid,,../../../../../../../../../../../etc/hosts
908,Norean,Flewett,nflewettp7@epa.gov,Male,59-330,ç”°ä¸­ã•ã‚“ã«ã‚ã’ã¦ä¸‹ã•ã„
909,Kimberli,Solway,ksolwayp8@senate.gov,Bigender,62-660,0/0
910,Almire,Pettis,apettisp9@about.com,Genderfluid,,00Ë™Æ–$-
911,Samara,Blakeney,sblakeneypa@baidu.com,Non-binary,676280,â€ªâ€ªtestâ€ª
912,Aviva,Lammiman,alammimanpb@huffingtonpost.com,Agender,,â€©testâ€©
913,Deny,Raynham,draynhampc@microsoft.com,Non-binary,95680-000,../../../../../../../../../../../etc/hosts
914,Jamey,Hearne,jhearnepd@exblog.jp,Genderfluid,,",ã€‚ãƒ»:*:ãƒ»ã‚œâ€™( â˜» Ï‰ â˜» )ã€‚ãƒ»:*:ãƒ»ã‚œâ€™"
915,Robenia,Utton,ruttonpe@umich.edu,Polygender,6612,Ã…ÃÃÃËÃ“Ã”ï£¿Ã’ÃšÃ†â˜ƒ
916,Bethanne,Rowena,browenapf@reuters.com,Genderfluid,,1;DROP TABLE users
917,Adolpho,Frotton,afrottonpg@freewebs.com,Genderfluid,61004 CEDEX,ç¤¾æœƒç§‘å­¸é™¢èªå­¸ç ”ç©¶æ‰€
918,Meredithe,Hampshaw,mhampshawph@geocities.jp,Bigender,06254 CEDEX,Ì—ÌºÍ–Ì¹Ì¯Í“TÌ±Ì¤ÍÌ¥Í‡ÍˆhÍÌ²eÍÍ“Ì¼Ì—Ì™Ì¼Ì£Í” Í‡ÌœÌ±Ì Í“ÍÍ…NÍ Í•eÌ—Ì±zÌ˜ÌÌœÌºÍ™pÌ¤ÌºÌ¹ÍÌ¯ÍšeÍœÌ Ì»Ì rÌ¨Ì¤ÍÌºÌ–Í”Ì–Ì–dÍŸÌ ÌŸÌ­Ì¬ÌiÌ¦Í–Ì©Í“Í”Ì¤aÌ Ì—Ì¬Í‰Ì™nÍœÍš Ì»ÌÌ°ÍšÍ…hÌµÍ‰iÌ³ÌvÌ¢Í‡eÍŸÌ­Í-Ò‰Ì­Ì©Ì¼Í”mÌ¤Ì­Ì«iÍ•Í‡ÌÌ¦nÌ—Í™dÌ£ÌŸ ÍÌ¯Ì²Í•oÌ¨ÌŸÌ¯Ì°Ì²Í™Ì»Ìf Í˜ÌªÌ°Ì°Ì—Ì–Ì­Ì˜cÌ¦ÍÌ²ÌÍÌ©Ì™hÌ£ÍšaÍœÌ®ÍÌŸÌ™oÌ›Ì©Ì¹ÍsÌ¤.ÌÌ Ò‰ZÌ¡Ì–ÌœÍ–Ì°Ì£Í‰ÌœaÍ¡Í–Ì°Í™Ì¬lÌ²Ì«Ì³ÍÌ©gÌ¡ÌŸÌ¼Ì±ÍšÌÌ¬Í…oÍœÌ—.ÌŸ
919,Adrianne,Botcherby,abotcherbypi@multiply.com,Agender,D11,(â•¯Â°â–¡Â°ï¼‰â•¯ï¸µ â”»â”â”»)  
920,Heidi,Fullerlove,hfullerlovepj@elegantthemes.com,Non-binary,614532,â£
921,Oliy,Bediss,obedisspk@yelp.com,Polygender,385444,ğŸ‘©ğŸ½
922,Tomi,Avarne,tavarnepl@list-manage.com,Agender,5097,-1
923,Pietrek,Cockaday,pcockadaypm@usa.gov,Polygender,,",ã€‚ãƒ»:*:ãƒ»ã‚œâ€™( â˜» Ï‰ â˜» )ã€‚ãƒ»:*:ãƒ»ã‚œâ€™"
924,Muriel,Coneybeer,mconeybeerpn@thetimes.co.uk,Non-binary,,â¤ï¸ ğŸ’” ğŸ’Œ ğŸ’• ğŸ’ ğŸ’“ ğŸ’— ğŸ’– ğŸ’˜ ğŸ’ ğŸ’Ÿ ğŸ’œ ğŸ’› ğŸ’š ğŸ’™
925,Janot,Brockman,jbrockmanpo@instagram.com,Polygender,9545-214,null
926,Willow,Georgeou,wgeorgeoupp@people.com.cn,Male,13490-000,Ã¥ÃŸâˆ‚Æ’Â©Ë™âˆ†ËšÂ¬â€¦Ã¦
927,Benoit,Fronczak,bfronczakpq@drupal.org,Agender,188507,ZÌ®ÌÍ…Ì Í™Í”AÌ¥Ì—ÌÍˆÌ»Ì—LÌ£Í™ÍÌ¯Ì¹ÌÍ“GÌ»OÌ­Ì—Ì®
928,Aidan,Bucktharp,abucktharppr@weebly.com,Bigender,,-100
929,Brear,Krink,bkrinkps@usda.gov,Agender,,â€‹
930,Marie-ann,Kleinhausen,mkleinhausenpt@alibaba.com,Non-binary,763 26,",./;'[]\-="
931,Farra,Vaud,fvaudpu@gizmodo.com,Male,,() { _; } >_[$($())] { touch /tmp/blns.shellshock2.fail; }
932,Kain,Grinnov,kgrinnovpv@theatlantic.com,Polygender,88-230,<img src=x onerror=alert('hi') />
933,Winslow,Coll,wcollpw@telegraph.co.uk,Polygender,250 91,ãƒ½à¼¼àºˆÙ„Íœàºˆà¼½ï¾‰ ãƒ½à¼¼àºˆÙ„Íœàºˆà¼½ï¾‰ 
934,Elisabeth,Braizier,ebraizierpx@gizmodo.com,Non-binary,81720,""""
935,Dodi,McClean,dmccleanpy@geocities.jp,Polygender,,Î©â‰ˆÃ§âˆšâˆ«ËœÂµâ‰¤â‰¥Ã·
936,Janna,Kubista,jkubistapz@usgs.gov,Genderfluid,172,-100
937,Kyle,Casoni,kcasoniq0@drupal.org,Female,10130,-1/2
938,Bibi,Carragher,bcarragherq1@barnesandnoble.com,Male,663580,Â¡â„¢Â£Â¢âˆÂ§Â¶â€¢ÂªÂºâ€“â‰ 
939,Barde,Copestake,bcopestakeq2@java.com,Agender,4990-434,NIL
940,Walsh,Stonhard,wstonhardq3@linkedin.com,Agender,,×”Ö¸×™Ö°×ªÖ¸×”testØ§Ù„ØµÙØ­Ø§Øª Ø§Ù„ØªÙ‘Ø­ÙˆÙ„
941,Darb,Conaghy,dconaghyq4@weather.com,Bigender,,null
942,Hasty,Swindells,hswindellsq5@guardian.co.uk,Bigender,,ğŸ‘©ğŸ½
943,Gearard,McWhin,gmcwhinq6@epa.gov,Female,6612,å’Œè£½æ¼¢èª
944,Bibbye,Drillot,bdrillotq7@e-recht24.de,Bigender,,â°â´âµâ‚€â‚â‚‚
945,Melessa,Tidbald,mtidbaldq8@so-net.ne.jp,Female,,null
946,Korney,Goldsbrough,kgoldsbroughq9@123-reg.co.uk,Agender,663459,â£
947,Dorita,De Vuyst,ddevuystqa@statcounter.com,Genderqueer,2419,â¦testâ§
948,Tiff,Tennison,ttennisonqb@xinhuanet.com,Polygender,,Ì—ÌºÍ–Ì¹Ì¯Í“TÌ±Ì¤ÍÌ¥Í‡ÍˆhÍÌ²eÍÍ“Ì¼Ì—Ì™Ì¼Ì£Í” Í‡ÌœÌ±Ì Í“ÍÍ…NÍ Í•eÌ—Ì±zÌ˜ÌÌœÌºÍ™pÌ¤ÌºÌ¹ÍÌ¯ÍšeÍœÌ Ì»Ì rÌ¨Ì¤ÍÌºÌ–Í”Ì–Ì–dÍŸÌ ÌŸÌ­Ì¬ÌiÌ¦Í–Ì©Í“Í”Ì¤aÌ Ì—Ì¬Í‰Ì™nÍœÍš Ì»ÌÌ°ÍšÍ…hÌµÍ‰iÌ³ÌvÌ¢Í‡eÍŸÌ­Í-Ò‰Ì­Ì©Ì¼Í”mÌ¤Ì­Ì«iÍ•Í‡ÌÌ¦nÌ—Í™dÌ£ÌŸ ÍÌ¯Ì²Í•oÌ¨ÌŸÌ¯Ì°Ì²Í™Ì»Ìf Í˜ÌªÌ°Ì°Ì—Ì–Ì­Ì˜cÌ¦ÍÌ²ÌÍÌ©Ì™hÌ£ÍšaÍœÌ®ÍÌŸÌ™oÌ›Ì©Ì¹ÍsÌ¤.ÌÌ Ò‰ZÌ¡Ì–ÌœÍ–Ì°Ì£Í‰ÌœaÍ¡Í–Ì°Í™Ì¬lÌ²Ì«Ì³ÍÌ©gÌ¡ÌŸÌ¼Ì±ÍšÌÌ¬Í…oÍœÌ—.ÌŸ
949,Hastings,Yarrow,hyarrowqc@amazonaws.com,Bigender,,-100
950,Elle,Flieger,efliegerqd@blogspot.com,Genderfluid,11210,1E+096
951,Joceline,Avramov,javramovqe@hatena.ne.jp,Male,,âœ‹ğŸ¿ ğŸ’ªğŸ¿ ğŸ‘ğŸ¿ ğŸ™ŒğŸ¿ ğŸ‘ğŸ¿ ğŸ™ğŸ¿
952,Dacie,Olijve,dolijveqf@dmoz.org,Agender,,á 
953,Chrysa,Jaksic,cjaksicqg@chicagotribune.com,Non-binary,727-0203,100
954,Dyanna,Cheng,dchengqh@cargocollective.com,Agender,739 95,ç”°ä¸­ã•ã‚“ã«ã‚ã’ã¦ä¸‹ã•ã„
955,Evin,Puzey,epuzeyqi@wunderground.com,Female,,â£
956,Charis,Luparto,clupartoqj@bandcamp.com,Female,,-1
957,Granthem,Mollnar,gmollnarqk@furl.net,Bigender,,Å’â€Â´â€°Ë‡ÃÂ¨Ë†Ã˜âˆâ€â€™
958,Nita,Pleat,npleatql@mozilla.com,Polygender,83501,â‚€â‚â‚‚
959,Elyssa,Whittock,ewhittockqm@angelfire.com,Female,,-$1.00
960,Gabriel,Rocca,groccaqn@unesco.org,Bigender,,â€‹
961,Virgie,D'Avaux,vdavauxqo@amazon.de,Genderqueer,684517,ï½€ï½¨(Â´âˆ€ï½€âˆ©
962,Ephraim,Abotson,eabotsonqp@loc.gov,Genderqueer,2140-215,ï»¿
963,Phoebe,Brotherton,pbrothertonqq@reuters.com,Genderqueer,403070,â°â´âµ
964,Sandye,Cowle,scowleqr@shinystat.com,Genderfluid,,â°â´âµ
965,Paige,Keir,pkeirqs@istockphoto.com,Agender,361424,Ì—ÌºÍ–Ì¹Ì¯Í“TÌ±Ì¤ÍÌ¥Í‡ÍˆhÍÌ²eÍÍ“Ì¼Ì—Ì™Ì¼Ì£Í” Í‡ÌœÌ±Ì Í“ÍÍ…NÍ Í•eÌ—Ì±zÌ˜ÌÌœÌºÍ™pÌ¤ÌºÌ¹ÍÌ¯ÍšeÍœÌ Ì»Ì rÌ¨Ì¤ÍÌºÌ–Í”Ì–Ì–dÍŸÌ ÌŸÌ­Ì¬ÌiÌ¦Í–Ì©Í“Í”Ì¤aÌ Ì—Ì¬Í‰Ì™nÍœÍš Ì»ÌÌ°ÍšÍ…hÌµÍ‰iÌ³ÌvÌ¢Í‡eÍŸÌ­Í-Ò‰Ì­Ì©Ì¼Í”mÌ¤Ì­Ì«iÍ•Í‡ÌÌ¦nÌ—Í™dÌ£ÌŸ ÍÌ¯Ì²Í•oÌ¨ÌŸÌ¯Ì°Ì²Í™Ì»Ìf Í˜ÌªÌ°Ì°Ì—Ì–Ì­Ì˜cÌ¦ÍÌ²ÌÍÌ©Ì™hÌ£ÍšaÍœÌ®ÍÌŸÌ™oÌ›Ì©Ì¹ÍsÌ¤.ÌÌ Ò‰ZÌ¡Ì–ÌœÍ–Ì°Ì£Í‰ÌœaÍ¡Í–Ì°Í™Ì¬lÌ²Ì«Ì³ÍÌ©gÌ¡ÌŸÌ¼Ì±ÍšÌÌ¬Í…oÍœÌ—.ÌŸ
966,Bran,Stanistreet,bstanistreetqt@jimdo.com,Genderfluid,,(ï½¡â—• âˆ€ â—•ï½¡)
967,Bobbie,Vell,bvellqu@hc360.com,Bigender,65590-000,!@#$%^&*()
968,Gavrielle,Aulds,gauldsqv@phoca.cz,Bigender,,NULL
969,Robinet,Gottschalk,rgottschalkqw@so-net.ne.jp,Agender,,"×‘Ö¼Ö°×¨Öµ××©×Ö´×™×ª, ×‘Ö¼Ö¸×¨Ö¸× ×Ö±×œÖ¹×”Ö´×™×, ×Öµ×ª ×”Ö·×©Ö¼×Ö¸×Ö·×™Ö´×, ×•Ö°×Öµ×ª ×”Ö¸×Ö¸×¨Ö¶×¥"
970,Phillipp,Styche,pstycheqx@dedecms.com,Female,6513,â£
971,Tabbie,Able,tableqy@kickstarter.com,Non-binary,11215,1E+096
972,Nilson,Takle,ntakleqz@ca.gov,Male,88870-000,$1.00
973,Gratiana,Pogson,gpogsonr0@ning.com,Male,,ç¤¾æœƒç§‘å­¸é™¢èªå­¸ç ”ç©¶æ‰€
974,Marlow,Janczewski,mjanczewskir1@ebay.co.uk,Male,,(ï¾‰à²¥ç›Šà²¥ï¼‰ï¾‰ï»¿ â”»â”â”»
975,Claire,Boumphrey,cboumphreyr2@washington.edu,Genderfluid,L-3883,$1.00
976,Casie,Glasspool,cglasspoolr3@bloglovin.com,Non-binary,71404 CEDEX,áš€
977,Farly,Nicolson,fnicolsonr4@vkontakte.ru,Agender,T1M,Ã…ÃÃÃËÃ“Ã”ï£¿Ã’ÃšÃ†â˜ƒ
978,Fallon,Massen,fmassenr5@java.com,Female,,â¢
979,Loella,Dunkinson,ldunkinsonr6@cnet.com,Female,72-210,Ì¡Í“Í…ÌIÍÌ—Ì˜Ì¦nÍ‡Í‡Í™vÌ®Ì«okÌ²Ì«Ì™ÍˆiÌ–Í™Ì­Ì¹Ì ÌnÌ¡Ì»Ì®Ì£ÌºgÌ²ÍˆÍ™Ì­Í™Ì¬Í Ì°tÍ”Ì¦hÌÌ²eÌ¢Ì¤ ÍÌ¬Ì²Í–fÌ´Ì˜Í•Ì£eÍ€Í–eÌ£Ì¥Ì©lÍ–Í”ÍšiÍ Í“ÍšÌ¦nÍ–ÍÌ—Í“Ì³Ì®gÍ Ì¨oÍ¡ÍšÌªfÌ˜Ì£Ì¬ Ì–Ì˜Í–ÌŸÍ™Ì®cÒ‰Í”Ì«Í–Í“Í‡Í–Í…hÌµÌ¤Ì£ÍšÍ”aÍÌ—Ì¼Í…Í•oÌ¼Ì£Ì¥sÍ¢Ì±ÍˆÌºÌ–Ì¦Ì».Ì›Ì–ÌÌ Ì«Ì°
980,Costa,Wiffill,cwiffillr7@jimdo.com,Agender,,TÌ•Ì­ÌºÌºoÍ Ì·iÌ²Ì¬Í‡ÌªÍ™nÌÌ—Í•vÍŸÌŸÌœÌ˜Ì¦oÌ¶Ì™Ì°Ì keÍ€ÍšÌ®ÌºÌªÌ¹Ì±Ì¤ Ì–tÍÌÍ•Ì³Ì£Ì»ÌªhÌ¼Í“Ì²Ì¦Ì³Ì˜Ì²eÍ‡Ì£Ì°Ì¦Ì¬Í Ì¢Ì¼Ì»Ì±Ì˜hÍ…ÍšÍÍ™ÌœÌ£Ì²iÌ¦Ì²Ì£Ì°Ì¤vÌ»ÍeÌºÌ­Ì³ÌªÌ°-mÌ¢iÍ…nÌ–ÌºÌÌ²Ì¯Ì°dÌµÌ¼ÌŸÍ™Ì©Ì¼Ì˜Ì³ ÌÌ¥Ì±Ì³Ì­rÌ›Ì—Ì˜eÍ™pÍ rÌ¼ÌÌ»Ì­Ì—eÍŸÌºÌ Ì£sÌ˜Í‡Ì³ÍÌÍ‰eÍœÍ‰Ì¥Ì¯ÌÌ²ÍšÌ¬nÍ€Ì¬ÍÍÌŸÌ–Í‡Ì¤tÍ˜ÍÌ¬Í…Ì¤Í“Ì¼Ì­iÌªÌ±nÍ gÌ´Í‰ ÍÍ‰Í…cÌ¬ÌŸhÍ¡aÍ˜Ì«Ì»Ì¯oÌ«ÌŸÌ–ÍÌ™ÌÍ‰sÌ—Ì¦Ì².Ì¨Ì¹ÍˆÌ£
981,Richmound,Heindrick,rheindrickr8@google.com.au,Genderfluid,,0/0
982,Ravi,Filippi,rfilippir9@phpbb.com,Bigender,61890-000,-100
983,Cam,Hamstead,chamsteadra@infoseek.co.jp,Male,56468,100
984,Zitella,Kordt,zkordtrb@mediafire.com,Female,33010 CEDEX,testâ testâ€«
985,Ronny,Golson,rgolsonrc@goodreads.com,Female,99-150,(ï½¡â—• âˆ€ â—•ï½¡)
986,Theresita,Yearby,tyearbyrd@msu.edu,Bigender,,../../../../../../../../../../../etc/hosts
987,Justine,Tatam,jtatamre@state.gov,Genderfluid,90035,../../../../../../../../../../../etc/passwd%00
988,Tabitha,Klamp,tklamprf@microsoft.com,Genderqueer,8308,ï»¿
989,Lindsey,Tidman,ltidmanrg@thetimes.co.uk,Male,915 32,ï¼‘ï¼’ï¼“
990,Purcell,Tokley,ptokleyrh@java.com,Genderqueer,38-123,-1
991,Ondrea,Farthing,ofarthingri@omniture.com,Genderfluid,,ìš¸ë€ë°”í† ë¥´
992,Shannah,Stanbra,sstanbrarj@bloglovin.com,Non-binary,94400-000,á 
993,Haroun,McHarry,hmcharryrk@usa.gov,Bigender,6040-104,ğŸš¾ ğŸ†’ ğŸ†“ ğŸ†• ğŸ†– ğŸ†— ğŸ†™ ğŸ§
994,Alphonse,Kiddle,akiddlerl@fda.gov,Female,182514,'
995,Hendrika,Utley,hutleyrm@over-blog.com,Male,G0N,â¦testâ§
996,Brana,Hebden,bhebdenrn@lycos.com,Bigender,,(ï½¡â—• âˆ€ â—•ï½¡)
997,Harbert,Hazard,hhazardro@tinyurl.com,Agender,48730-000,ï¼‘ï¼’ï¼“
998,Dukie,Bonallack,dbonallackrp@berkeley.edu,Genderqueer,,â°â´âµâ‚€â‚â‚‚
999,Nat,Blench,nblenchrq@people.com.cn,Bigender,,â¦testâ§
1000,Evy,Amor,eamorrr@ezinearticles.com,Genderfluid,,ï¼‘ï¼’ï¼“
